App,Translated_Review,Sentiment
FitLife,Great app and very useful,positive
FitLife,Easy to use and excellent,positive
Photo Magic,Good features but sometimes slow,neutral
Study Pro,Excellent learning experience,positive
Game Zone,Too many ads and crashes,negative
Budget Plus,Very useful for tracking expenses,positive
Travel Mate,Good app for planning trips,positive
Food Order,Fast delivery and good experience,positive
Kids Learn,My children love this app,positive
Music Flow,Not good after the latest update,neutral
