Date,Product,Category,Age,Gender,Quantity,Unit_Price,Sales
2025-01-01 00:00:00.000000000,Laptop,Beauty,39,Female,4,137.63,550.52
2025-01-01 07:17:09.858215179,Headphones,Clothing,47,Female,5,68.95,344.75
2025-01-01 14:34:19.716430358,Coffee Maker,Sports,25,Male,4,231.53,926.12
2025-01-01 21:51:29.574645537,Headphones,Beauty,47,Female,3,108.38,325.14
2025-01-02 05:08:39.432860717,Skincare Kit,Electronics,62,Female,3,421.77,1265.31
2025-01-02 12:25:49.291075896,Watch,Sports,24,Female,2,13.75,27.5
2025-01-02 19:42:59.149291075,Skincare Kit,Beauty,33,Male,2,74.72,149.44
2025-01-03 03:00:09.007506255,Coffee Maker,Beauty,51,Female,4,119.96,479.84
2025-01-03 10:17:18.865721434,Running Shoes,Electronics,47,Male,1,99.14,99.14
2025-01-03 17:34:28.723936613,Laptop,Clothing,50,Female,1,110.89,110.89
2025-01-04 00:51:38.582151793,Headphones,Clothing,44,Male,2,299.35,598.7
2025-01-04 08:08:48.440366972,Laptop,Sports,50,Male,4,155.45,621.8
2025-01-04 15:25:58.298582151,Yoga Mat,Home,47,Female,4,281.38,1125.52
2025-01-04 22:43:08.156797331,Jeans,Beauty,21,Female,3,401.93,1205.79
2025-01-05 06:00:18.015012510,Skincare Kit,Clothing,54,Female,3,275.92,827.76
2025-01-05 13:17:27.873227689,Running Shoes,Clothing,39,Male,1,316.21,316.21
2025-01-05 20:34:37.731442869,Jeans,Home,20,Female,2,172.09,344.18
2025-01-06 03:51:47.589658048,Sofa,Electronics,37,Male,1,81.97,81.97
2025-01-06 11:08:57.447873227,Sofa,Beauty,38,Female,4,152.42,609.68
2025-01-06 18:26:07.306088407,Running Shoes,Home,22,Female,4,434.36,1737.44
2025-01-07 01:43:17.164303586,Sofa,Beauty,65,Female,2,284.35,568.7
2025-01-07 09:00:27.022518765,Coffee Maker,Clothing,28,Female,2,133.55,267.1
2025-01-07 16:17:36.880733945,T-Shirt,Sports,33,Female,2,209.5,419.0
2025-01-07 23:34:46.738949124,Watch,Sports,39,Female,5,377.95,1889.75
2025-01-08 06:51:56.597164303,Skincare Kit,Beauty,57,Male,3,304.78,914.34
2025-01-08 14:09:06.455379482,Headphones,Electronics,53,Male,4,257.57,1030.28
2025-01-08 21:26:16.313594662,T-Shirt,Clothing,55,Male,3,399.7,1199.1
2025-01-09 04:43:26.171809841,Skincare Kit,Electronics,29,Female,4,306.53,1226.12
2025-01-09 12:00:36.030025020,Coffee Maker,Electronics,58,Female,3,293.52,880.56
2025-01-09 19:17:45.888240200,Sofa,Beauty,57,Male,2,95.12,190.24
2025-01-10 02:34:55.746455379,T-Shirt,Beauty,40,Male,5,58.6,293.0
2025-01-10 09:52:05.604670558,Headphones,Sports,44,Male,4,434.73,1738.92
2025-01-10 17:09:15.462885738,T-Shirt,Clothing,19,Male,4,274.3,1097.2
2025-01-11 00:26:25.321100917,Skincare Kit,Clothing,54,Male,5,194.07,970.35
2025-01-11 07:43:35.179316096,Running Shoes,Clothing,64,Female,2,269.99,539.98
2025-01-11 15:00:45.037531276,Headphones,Electronics,40,Female,1,39.07,39.07
2025-01-11 22:17:54.895746455,Jeans,Electronics,43,Male,3,372.09,1116.27
2025-01-12 05:35:04.753961634,Jeans,Clothing,41,Male,2,106.89,213.78
2025-01-12 12:52:14.612176814,Watch,Clothing,21,Female,3,364.39,1093.17
2025-01-12 20:09:24.470391993,Laptop,Home,47,Female,2,246.06,492.12
2025-01-13 03:26:34.328607172,Skincare Kit,Clothing,52,Female,2,133.14,266.28
2025-01-13 10:43:44.186822352,Laptop,Beauty,62,Male,2,25.23,50.46
2025-01-13 18:00:54.045037531,Laptop,Beauty,62,Male,2,369.34,738.68
2025-01-14 01:18:03.903252710,Sofa,Clothing,41,Male,4,89.29,357.16
2025-01-14 08:35:13.761467890,Headphones,Beauty,64,Female,3,34.69,104.07
2025-01-14 15:52:23.619683069,Watch,Beauty,43,Female,3,343.07,1029.21
2025-01-14 23:09:33.477898248,Coffee Maker,Clothing,48,Female,1,165.32,165.32
2025-01-15 06:26:43.336113427,Jeans,Clothing,46,Male,3,182.53,547.59
2025-01-15 13:43:53.194328607,Coffee Maker,Beauty,65,Male,1,120.22,120.22
2025-01-15 21:01:03.052543786,T-Shirt,Electronics,53,Female,2,388.32,776.64
2025-01-16 04:18:12.910758965,Watch,Electronics,23,Female,3,142.23,426.69
2025-01-16 11:35:22.768974145,Watch,Electronics,21,Female,1,104.06,104.06
2025-01-16 18:52:32.627189324,Laptop,Beauty,37,Male,2,147.45,294.9
2025-01-17 02:09:42.485404503,Running Shoes,Home,42,Male,2,100.98,201.96
2025-01-17 09:26:52.343619683,Watch,Beauty,50,Male,5,151.13,755.65
2025-01-17 16:44:02.201834862,Running Shoes,Beauty,41,Female,5,48.33,241.65
2025-01-18 00:01:12.060050041,Watch,Clothing,42,Female,1,81.44,81.44
2025-01-18 07:18:21.918265221,Yoga Mat,Home,62,Female,4,194.67,778.68
2025-01-18 14:35:31.776480400,Running Shoes,Electronics,34,Male,4,397.21,1588.84
2025-01-18 21:52:41.634695579,Laptop,Electronics,41,Female,2,37.09,74.18
2025-01-19 05:09:51.492910759,Skincare Kit,Home,44,Male,3,105.15,315.45
2025-01-19 12:27:01.351125938,Sofa,Clothing,40,Female,4,409.86,1639.44
2025-01-19 19:44:11.209341117,Running Shoes,Home,64,Female,2,401.83,803.66
2025-01-20 03:01:21.067556297,Headphones,Beauty,64,Female,1,309.6,309.6
2025-01-20 10:18:30.925771476,Running Shoes,Home,42,Female,2,117.33,234.66
2025-01-20 17:35:40.783986655,T-Shirt,Home,39,Female,2,195.88,391.76
2025-01-21 00:52:50.642201835,Skincare Kit,Home,46,Male,2,104.51,209.02
2025-01-21 08:10:00.500417014,Jeans,Clothing,26,Male,2,68.32,136.64
2025-01-21 15:27:10.358632193,Laptop,Electronics,38,Female,1,178.44,178.44
2025-01-21 22:44:20.216847372,Sofa,Clothing,28,Female,5,264.21,1321.05
2025-01-22 06:01:30.075062552,Watch,Electronics,24,Male,1,169.65,169.65
2025-01-22 13:18:39.933277731,Laptop,Clothing,22,Female,4,279.54,1118.16
2025-01-22 20:35:49.791492910,Running Shoes,Sports,46,Male,4,141.76,567.04
2025-01-23 03:52:59.649708090,Sofa,Clothing,18,Female,4,163.48,653.92
2025-01-23 11:10:09.507923269,T-Shirt,Electronics,49,Male,5,358.32,1791.6
2025-01-23 18:27:19.366138448,Running Shoes,Clothing,38,Female,1,396.7,396.7
2025-01-24 01:44:29.224353628,Headphones,Clothing,35,Male,2,153.05,306.1
2025-01-24 09:01:39.082568807,T-Shirt,Home,54,Male,1,262.32,262.32
2025-01-24 16:18:48.940783986,Laptop,Home,43,Female,3,133.84,401.52
2025-01-24 23:35:58.798999166,T-Shirt,Beauty,53,Female,4,35.36,141.44
2025-01-25 06:53:08.657214345,Jeans,Home,52,Male,5,335.18,1675.9
2025-01-25 14:10:18.515429524,Watch,Clothing,19,Female,2,86.9,173.8
2025-01-25 21:27:28.373644704,T-Shirt,Beauty,28,Male,2,198.46,396.92
2025-01-26 04:44:38.231859883,Skincare Kit,Electronics,45,Male,5,225.33,1126.65
2025-01-26 12:01:48.090075062,Skincare Kit,Electronics,64,Male,4,92.8,371.2
2025-01-26 19:18:57.948290242,Skincare Kit,Electronics,25,Male,4,53.42,213.68
2025-01-27 02:36:07.806505421,Sofa,Beauty,23,Female,3,164.43,493.29
2025-01-27 09:53:17.664720600,Laptop,Clothing,63,Female,3,429.1,1287.3
2025-01-27 17:10:27.522935780,Headphones,Electronics,64,Male,2,281.43,562.86
2025-01-28 00:27:37.381150959,Skincare Kit,Home,26,Male,4,179.06,716.24
2025-01-28 07:44:47.239366138,Skincare Kit,Electronics,37,Female,2,29.04,58.08
2025-01-28 15:01:57.097581318,Sofa,Beauty,48,Female,5,274.92,1374.6
2025-01-28 22:19:06.955796497,Yoga Mat,Clothing,27,Male,1,52.41,52.41
2025-01-29 05:36:16.814011676,Jeans,Clothing,33,Male,3,249.63,748.89
2025-01-29 12:53:26.672226855,Running Shoes,Clothing,36,Male,2,341.35,682.7
2025-01-29 20:10:36.530442035,Sofa,Home,48,Male,4,197.53,790.12
2025-01-30 03:27:46.388657214,Watch,Clothing,32,Female,4,143.14,572.56
2025-01-30 10:44:56.246872393,Watch,Electronics,37,Female,5,32.75,163.75
2025-01-30 18:02:06.105087573,Laptop,Electronics,31,Female,4,22.85,91.4
2025-01-31 01:19:15.963302752,Yoga Mat,Sports,54,Female,2,200.35,400.7
2025-01-31 08:36:25.821517931,Jeans,Sports,25,Male,2,398.91,797.82
2025-01-31 15:53:35.679733111,Laptop,Beauty,29,Female,5,118.9,594.5
2025-01-31 23:10:45.537948290,Coffee Maker,Clothing,29,Female,3,263.44,790.32
2025-02-01 06:27:55.396163469,T-Shirt,Sports,61,Female,1,311.73,311.73
2025-02-01 13:45:05.254378649,Laptop,Beauty,63,Male,5,38.64,193.2
2025-02-01 21:02:15.112593828,T-Shirt,Beauty,42,Female,4,79.06,316.24
2025-02-02 04:19:24.970809007,Running Shoes,Clothing,25,Male,1,157.1,157.1
2025-02-02 11:36:34.829024187,Jeans,Clothing,54,Female,4,305.5,1222.0
2025-02-02 18:53:44.687239366,Running Shoes,Electronics,41,Female,4,204.3,817.2
2025-02-03 02:10:54.545454545,T-Shirt,Sports,58,Female,4,333.58,1334.32
2025-02-03 09:28:04.403669725,T-Shirt,Clothing,35,Female,5,392.01,1960.05
2025-02-03 16:45:14.261884904,Watch,Electronics,65,Female,3,344.17,1032.51
2025-02-04 00:02:24.120100083,Yoga Mat,Clothing,56,Male,3,446.6,1339.8
2025-02-04 07:19:33.978315263,Coffee Maker,Home,28,Female,4,342.41,1369.64
2025-02-04 14:36:43.836530442,T-Shirt,Electronics,52,Female,1,385.25,385.25
2025-02-04 21:53:53.694745621,Watch,Sports,31,Male,1,376.58,376.58
2025-02-05 05:11:03.552960800,Jeans,Beauty,34,Male,5,331.86,1659.3
2025-02-05 12:28:13.411175980,Headphones,Beauty,30,Male,2,363.19,726.38
2025-02-05 19:45:23.269391159,T-Shirt,Clothing,50,Female,3,421.39,1264.17
2025-02-06 03:02:33.127606338,Yoga Mat,Home,30,Female,2,220.14,440.28
2025-02-06 10:19:42.985821518,Running Shoes,Home,48,Female,2,291.57,583.14
2025-02-06 17:36:52.844036697,Laptop,Home,45,Female,3,237.54,712.62
2025-02-07 00:54:02.702251876,Sofa,Electronics,54,Female,5,384.75,1923.75
2025-02-07 08:11:12.560467056,Running Shoes,Clothing,65,Female,3,200.94,602.82
2025-02-07 15:28:22.418682235,Laptop,Electronics,18,Male,1,371.04,371.04
2025-02-07 22:45:32.276897414,Skincare Kit,Clothing,65,Male,2,362.12,724.24
2025-02-08 06:02:42.135112594,Running Shoes,Clothing,23,Male,1,433.31,433.31
2025-02-08 13:19:51.993327773,Yoga Mat,Electronics,43,Female,5,121.03,605.15
2025-02-08 20:37:01.851542952,Laptop,Electronics,34,Male,2,322.81,645.62
2025-02-09 03:54:11.709758132,Headphones,Home,48,Male,2,343.53,687.06
2025-02-09 11:11:21.567973311,Yoga Mat,Electronics,52,Male,1,422.09,422.09
2025-02-09 18:28:31.426188490,Watch,Sports,59,Female,3,409.22,1227.66
2025-02-10 01:45:41.284403670,Yoga Mat,Home,37,Female,5,263.2,1316.0
2025-02-10 09:02:51.142618849,T-Shirt,Clothing,62,Female,3,265.67,797.01
2025-02-10 16:20:01.000834028,Watch,Home,33,Male,4,85.27,341.08
2025-02-10 23:37:10.859049207,Yoga Mat,Electronics,27,Female,1,439.03,439.03
2025-02-11 06:54:20.717264387,Skincare Kit,Sports,36,Female,1,123.7,123.7
2025-02-11 14:11:30.575479566,Running Shoes,Clothing,43,Female,4,329.43,1317.72
2025-02-11 21:28:40.433694745,Headphones,Beauty,50,Male,1,360.56,360.56
2025-02-12 04:45:50.291909925,Running Shoes,Electronics,57,Male,3,205.25,615.75
2025-02-12 12:03:00.150125104,Sofa,Clothing,28,Female,2,104.5,209.0
2025-02-12 19:20:10.008340283,Yoga Mat,Clothing,32,Male,1,94.76,94.76
2025-02-13 02:37:19.866555463,Yoga Mat,Sports,63,Female,3,387.15,1161.45
2025-02-13 09:54:29.724770642,Skincare Kit,Home,39,Female,5,235.71,1178.55
2025-02-13 17:11:39.582985821,Watch,Clothing,29,Male,1,51.48,51.48
2025-02-14 00:28:49.441201001,Skincare Kit,Clothing,65,Female,5,326.05,1630.25
2025-02-14 07:45:59.299416180,Coffee Maker,Clothing,39,Male,3,121.57,364.71
2025-02-14 15:03:09.157631359,Headphones,Home,65,Female,4,395.86,1583.44
2025-02-14 22:20:19.015846539,Running Shoes,Clothing,62,Male,1,147.59,147.59
2025-02-15 05:37:28.874061718,T-Shirt,Electronics,61,Male,5,99.72,498.6
2025-02-15 12:54:38.732276897,Jeans,Beauty,45,Male,1,49.17,49.17
2025-02-15 20:11:48.590492077,Skincare Kit,Sports,56,Male,5,236.05,1180.25
2025-02-16 03:28:58.448707256,Sofa,Electronics,64,Female,4,209.42,837.68
2025-02-16 10:46:08.306922435,T-Shirt,Home,30,Male,2,341.07,682.14
2025-02-16 18:03:18.165137614,Yoga Mat,Electronics,19,Male,1,215.5,215.5
2025-02-17 01:20:28.023352794,T-Shirt,Home,33,Male,4,162.59,650.36
2025-02-17 08:37:37.881567973,Coffee Maker,Clothing,48,Male,1,126.6,126.6
2025-02-17 15:54:47.739783152,Watch,Home,44,Male,4,133.83,535.32
2025-02-17 23:11:57.597998332,Laptop,Beauty,21,Female,4,418.4,1673.6
2025-02-18 06:29:07.456213511,Headphones,Beauty,44,Female,2,84.3,168.6
2025-02-18 13:46:17.314428690,Headphones,Electronics,26,Male,2,444.82,889.64
2025-02-18 21:03:27.172643870,Skincare Kit,Sports,42,Female,2,155.19,310.38
2025-02-19 04:20:37.030859049,Jeans,Clothing,45,Female,2,50.71,101.42
2025-02-19 11:37:46.889074228,Running Shoes,Electronics,48,Male,1,120.93,120.93
2025-02-19 18:54:56.747289408,Running Shoes,Home,37,Female,2,37.59,75.18
2025-02-20 02:12:06.605504587,Running Shoes,Clothing,37,Male,4,358.03,1432.12
2025-02-20 09:29:16.463719766,Watch,Beauty,50,Male,2,236.5,473.0
2025-02-20 16:46:26.321934946,Jeans,Beauty,53,Male,4,159.6,638.4
2025-02-21 00:03:36.180150125,Skincare Kit,Clothing,56,Male,5,301.98,1509.9
2025-02-21 07:20:46.038365304,Yoga Mat,Sports,34,Female,4,288.22,1152.88
2025-02-21 14:37:55.896580484,Watch,Clothing,38,Female,3,423.66,1270.98
2025-02-21 21:55:05.754795663,Yoga Mat,Home,33,Male,2,433.03,866.06
2025-02-22 05:12:15.613010842,Coffee Maker,Clothing,43,Female,5,310.14,1550.7
2025-02-22 12:29:25.471226022,Skincare Kit,Sports,24,Female,2,370.2,740.4
2025-02-22 19:46:35.329441201,Coffee Maker,Electronics,38,Female,3,359.08,1077.24
2025-02-23 03:03:45.187656380,Skincare Kit,Electronics,27,Female,3,227.19,681.57
2025-02-23 10:20:55.045871560,Sofa,Clothing,43,Female,4,320.55,1282.2
2025-02-23 17:38:04.904086739,Running Shoes,Sports,58,Male,3,46.28,138.84
2025-02-24 00:55:14.762301918,Yoga Mat,Sports,65,Female,4,344.01,1376.04
2025-02-24 08:12:24.620517098,Headphones,Beauty,39,Female,5,433.28,2166.4
2025-02-24 15:29:34.478732277,Skincare Kit,Sports,20,Female,2,49.22,98.44
2025-02-24 22:46:44.336947456,Running Shoes,Sports,28,Female,5,378.22,1891.1
2025-02-25 06:03:54.195162636,Sofa,Home,23,Male,1,420.65,420.65
2025-02-25 13:21:04.053377815,Jeans,Clothing,54,Male,5,111.07,555.35
2025-02-25 20:38:13.911592994,Skincare Kit,Beauty,65,Male,1,241.87,241.87
2025-02-26 03:55:23.769808174,Headphones,Home,44,Male,5,418.4,2092.0
2025-02-26 11:12:33.628023353,Skincare Kit,Clothing,26,Female,2,432.58,865.16
2025-02-26 18:29:43.486238532,Skincare Kit,Electronics,19,Female,5,68.01,340.05
2025-02-27 01:46:53.344453711,Yoga Mat,Beauty,64,Female,1,164.86,164.86
2025-02-27 09:04:03.202668891,Skincare Kit,Clothing,33,Female,3,317.79,953.37
2025-02-27 16:21:13.060884070,Laptop,Sports,23,Female,5,109.04,545.2
2025-02-27 23:38:22.919099249,Skincare Kit,Clothing,26,Female,1,154.25,154.25
2025-02-28 06:55:32.777314429,Headphones,Electronics,30,Female,2,22.2,44.4
2025-02-28 14:12:42.635529608,Laptop,Beauty,49,Female,1,79.24,79.24
2025-02-28 21:29:52.493744787,Skincare Kit,Electronics,60,Female,2,258.3,516.6
2025-03-01 04:47:02.351959967,T-Shirt,Electronics,31,Male,2,298.05,596.1
2025-03-01 12:04:12.210175146,Headphones,Home,50,Female,4,296.22,1184.88
2025-03-01 19:21:22.068390325,Coffee Maker,Sports,21,Female,2,352.92,705.84
2025-03-02 02:38:31.926605505,Yoga Mat,Electronics,18,Female,1,193.89,193.89
2025-03-02 09:55:41.784820684,Skincare Kit,Clothing,20,Male,1,131.79,131.79
2025-03-02 17:12:51.643035863,Watch,Beauty,62,Male,5,18.82,94.1
2025-03-03 00:30:01.501251043,Sofa,Sports,45,Male,5,102.5,512.5
2025-03-03 07:47:11.359466222,Coffee Maker,Home,56,Female,2,148.83,297.66
2025-03-03 15:04:21.217681401,Headphones,Electronics,19,Female,1,90.05,90.05
2025-03-03 22:21:31.075896581,Coffee Maker,Electronics,19,Female,1,20.82,20.82
2025-03-04 05:38:40.934111760,Coffee Maker,Clothing,58,Female,5,80.96,404.8
2025-03-04 12:55:50.792326939,Headphones,Electronics,22,Male,4,303.75,1215.0
2025-03-04 20:13:00.650542118,Sofa,Home,25,Female,4,287.76,1151.04
2025-03-05 03:30:10.508757298,Headphones,Electronics,42,Female,2,421.83,843.66
2025-03-05 10:47:20.366972477,Watch,Home,47,Male,4,361.6,1446.4
2025-03-05 18:04:30.225187656,Yoga Mat,Beauty,28,Female,1,260.68,260.68
2025-03-06 01:21:40.083402836,Yoga Mat,Home,39,Male,4,72.25,289.0
2025-03-06 08:38:49.941618015,T-Shirt,Electronics,50,Female,3,259.06,777.18
2025-03-06 15:55:59.799833194,Headphones,Beauty,39,Female,2,38.98,77.96
2025-03-06 23:13:09.658048374,T-Shirt,Beauty,36,Female,4,200.73,802.92
2025-03-07 06:30:19.516263553,Jeans,Beauty,21,Female,4,182.93,731.72
2025-03-07 13:47:29.374478732,Yoga Mat,Electronics,39,Male,3,199.38,598.14
2025-03-07 21:04:39.232693912,Laptop,Electronics,56,Female,1,134.56,134.56
2025-03-08 04:21:49.090909091,Jeans,Sports,48,Female,1,312.39,312.39
2025-03-08 11:38:58.949124270,Yoga Mat,Clothing,60,Female,5,380.33,1901.65
2025-03-08 18:56:08.807339450,Watch,Clothing,24,Female,2,348.61,697.22
2025-03-09 02:13:18.665554629,Skincare Kit,Clothing,18,Male,2,286.96,573.92
2025-03-09 09:30:28.523769808,T-Shirt,Home,44,Female,4,247.8,991.2
2025-03-09 16:47:38.381984988,Yoga Mat,Sports,26,Male,2,25.61,51.22
2025-03-10 00:04:48.240200167,Yoga Mat,Clothing,46,Female,2,328.65,657.3
2025-03-10 07:21:58.098415346,Headphones,Sports,61,Male,4,250.7,1002.8
2025-03-10 14:39:07.956630526,Yoga Mat,Electronics,34,Male,3,130.58,391.74
2025-03-10 21:56:17.814845705,Laptop,Home,44,Male,4,155.59,622.36
2025-03-11 05:13:27.673060884,Jeans,Home,50,Female,1,421.8,421.8
2025-03-11 12:30:37.531276063,Laptop,Electronics,25,Male,3,285.47,856.41
2025-03-11 19:47:47.389491243,Yoga Mat,Electronics,61,Male,3,220.45,661.35
2025-03-12 03:04:57.247706422,Jeans,Clothing,27,Female,4,283.96,1135.84
2025-03-12 10:22:07.105921601,Yoga Mat,Sports,56,Male,1,193.22,193.22
2025-03-12 17:39:16.964136781,Headphones,Home,49,Male,1,217.94,217.94
2025-03-13 00:56:26.822351960,Laptop,Sports,24,Male,4,139.16,556.64
2025-03-13 08:13:36.680567139,Laptop,Beauty,52,Male,4,204.66,818.64
2025-03-13 15:30:46.538782319,Skincare Kit,Clothing,27,Female,5,312.29,1561.45
2025-03-13 22:47:56.396997498,Coffee Maker,Beauty,46,Female,2,29.49,58.98
2025-03-14 06:05:06.255212677,T-Shirt,Electronics,64,Female,5,360.22,1801.1
2025-03-14 13:22:16.113427857,Watch,Electronics,63,Male,2,135.95,271.9
2025-03-14 20:39:25.971643036,Sofa,Beauty,59,Male,4,310.96,1243.84
2025-03-15 03:56:35.829858215,Running Shoes,Beauty,41,Male,1,293.51,293.51
2025-03-15 11:13:45.688073395,Sofa,Clothing,44,Male,5,297.85,1489.25
2025-03-15 18:30:55.546288574,Running Shoes,Home,32,Female,2,278.36,556.72
2025-03-16 01:48:05.404503753,Running Shoes,Home,62,Female,5,432.09,2160.45
2025-03-16 09:05:15.262718933,Laptop,Sports,40,Male,2,234.65,469.3
2025-03-16 16:22:25.120934112,Headphones,Home,55,Female,4,332.76,1331.04
2025-03-16 23:39:34.979149291,Coffee Maker,Clothing,35,Female,3,320.99,962.97
2025-03-17 06:56:44.837364470,Yoga Mat,Clothing,53,Male,1,115.49,115.49
2025-03-17 14:13:54.695579650,Skincare Kit,Clothing,28,Female,1,136.09,136.09
2025-03-17 21:31:04.553794829,Watch,Home,53,Male,4,197.72,790.88
2025-03-18 04:48:14.412010008,Watch,Sports,20,Male,1,133.63,133.63
2025-03-18 12:05:24.270225188,Yoga Mat,Clothing,23,Female,2,172.63,345.26
2025-03-18 19:22:34.128440367,Skincare Kit,Clothing,34,Female,3,183.24,549.72
2025-03-19 02:39:43.986655546,Watch,Clothing,41,Male,2,276.49,552.98
2025-03-19 09:56:53.844870726,Headphones,Beauty,52,Female,1,108.31,108.31
2025-03-19 17:14:03.703085905,Laptop,Beauty,35,Female,4,364.28,1457.12
2025-03-20 00:31:13.561301084,Sofa,Electronics,18,Female,4,203.64,814.56
2025-03-20 07:48:23.419516264,Jeans,Electronics,33,Male,4,321.33,1285.32
2025-03-20 15:05:33.277731443,T-Shirt,Home,39,Female,5,47.67,238.35
2025-03-20 22:22:43.135946622,Running Shoes,Electronics,44,Female,1,217.84,217.84
2025-03-21 05:39:52.994161802,Coffee Maker,Beauty,48,Female,3,24.36,73.08
2025-03-21 12:57:02.852376981,T-Shirt,Clothing,29,Female,2,308.05,616.1
2025-03-21 20:14:12.710592160,Running Shoes,Electronics,47,Female,5,162.55,812.75
2025-03-22 03:31:22.568807340,Sofa,Sports,48,Female,3,427.77,1283.31
2025-03-22 10:48:32.427022519,Headphones,Electronics,55,Female,1,153.97,153.97
2025-03-22 18:05:42.285237698,Sofa,Clothing,43,Female,4,258.95,1035.8
2025-03-23 01:22:52.143452877,Yoga Mat,Electronics,56,Male,1,124.74,124.74
2025-03-23 08:40:02.001668057,Laptop,Electronics,28,Male,2,283.61,567.22
2025-03-23 15:57:11.859883236,Yoga Mat,Electronics,52,Female,4,216.56,866.24
2025-03-23 23:14:21.718098415,Coffee Maker,Electronics,20,Female,3,174.34,523.02
2025-03-24 06:31:31.576313595,Watch,Electronics,22,Female,4,101.22,404.88
2025-03-24 13:48:41.434528774,Watch,Electronics,59,Male,3,60.85,182.55
2025-03-24 21:05:51.292743953,T-Shirt,Home,40,Female,5,64.51,322.55
2025-03-25 04:23:01.150959133,Yoga Mat,Beauty,47,Male,3,449.58,1348.74
2025-03-25 11:40:11.009174312,Headphones,Clothing,46,Male,1,192.59,192.59
2025-03-25 18:57:20.867389491,Yoga Mat,Clothing,51,Male,1,12.85,12.85
2025-03-26 02:14:30.725604671,Watch,Home,29,Male,4,429.38,1717.52
2025-03-26 09:31:40.583819850,Headphones,Sports,26,Female,1,20.75,20.75
2025-03-26 16:48:50.442035029,Skincare Kit,Sports,20,Female,2,195.34,390.68
2025-03-27 00:06:00.300250209,T-Shirt,Electronics,59,Male,1,326.26,326.26
2025-03-27 07:23:10.158465388,T-Shirt,Electronics,28,Female,2,412.59,825.18
2025-03-27 14:40:20.016680567,Skincare Kit,Clothing,45,Male,3,324.24,972.72
2025-03-27 21:57:29.874895747,Watch,Clothing,39,Male,1,215.07,215.07
2025-03-28 05:14:39.733110926,Headphones,Home,25,Female,3,438.81,1316.43
2025-03-28 12:31:49.591326105,Running Shoes,Clothing,37,Male,5,29.22,146.1
2025-03-28 19:48:59.449541284,Sofa,Electronics,21,Female,1,444.26,444.26
2025-03-29 03:06:09.307756464,Headphones,Clothing,26,Male,1,384.03,384.03
2025-03-29 10:23:19.165971643,Jeans,Home,24,Male,2,418.87,837.74
2025-03-29 17:40:29.024186822,Yoga Mat,Electronics,57,Female,5,123.59,617.95
2025-03-30 00:57:38.882402002,Coffee Maker,Beauty,45,Female,3,74.4,223.2
2025-03-30 08:14:48.740617181,Jeans,Electronics,62,Male,4,302.53,1210.12
2025-03-30 15:31:58.598832360,Yoga Mat,Sports,38,Male,1,237.95,237.95
2025-03-30 22:49:08.457047540,Running Shoes,Electronics,27,Female,4,241.15,964.6
2025-03-31 06:06:18.315262719,Yoga Mat,Beauty,47,Male,1,416.98,416.98
2025-03-31 13:23:28.173477898,Skincare Kit,Sports,62,Male,4,283.6,1134.4
2025-03-31 20:40:38.031693078,T-Shirt,Sports,43,Female,1,148.25,148.25
2025-04-01 03:57:47.889908257,Running Shoes,Beauty,18,Male,5,187.23,936.15
2025-04-01 11:14:57.748123436,T-Shirt,Beauty,32,Female,2,70.47,140.94
2025-04-01 18:32:07.606338616,T-Shirt,Home,62,Male,1,96.23,96.23
2025-04-02 01:49:17.464553795,Watch,Beauty,42,Female,2,74.79,149.58
2025-04-02 09:06:27.322768974,Coffee Maker,Electronics,63,Female,1,366.91,366.91
2025-04-02 16:23:37.180984154,Sofa,Home,42,Male,1,320.73,320.73
2025-04-02 23:40:47.039199333,Watch,Home,18,Male,3,244.29,732.87
2025-04-03 06:57:56.897414512,Laptop,Sports,59,Male,2,175.97,351.94
2025-04-03 14:15:06.755629692,Sofa,Clothing,54,Female,2,304.8,609.6
2025-04-03 21:32:16.613844871,Coffee Maker,Clothing,52,Female,5,368.05,1840.25
2025-04-04 04:49:26.472060050,Skincare Kit,Home,64,Female,1,397.98,397.98
2025-04-04 12:06:36.330275229,Coffee Maker,Clothing,27,Male,2,251.59,503.18
2025-04-04 19:23:46.188490409,Watch,Electronics,61,Male,1,371.11,371.11
2025-04-05 02:40:56.046705588,Laptop,Clothing,29,Female,3,235.95,707.85
2025-04-05 09:58:05.904920767,Laptop,Clothing,64,Female,2,219.84,439.68
2025-04-05 17:15:15.763135947,Yoga Mat,Clothing,27,Female,1,391.06,391.06
2025-04-06 00:32:25.621351126,Headphones,Clothing,44,Male,1,181.23,181.23
2025-04-06 07:49:35.479566305,Headphones,Clothing,55,Male,5,185.41,927.05
2025-04-06 15:06:45.337781485,Running Shoes,Clothing,21,Male,1,145.55,145.55
2025-04-06 22:23:55.195996664,Running Shoes,Clothing,21,Male,4,239.19,956.76
2025-04-07 05:41:05.054211843,Jeans,Beauty,58,Male,5,250.64,1253.2
2025-04-07 12:58:14.912427023,Headphones,Clothing,20,Female,3,301.28,903.84
2025-04-07 20:15:24.770642202,T-Shirt,Sports,47,Male,2,200.56,401.12
2025-04-08 03:32:34.628857381,Jeans,Sports,63,Female,4,107.41,429.64
2025-04-08 10:49:44.487072561,Jeans,Clothing,47,Female,5,391.68,1958.4
2025-04-08 18:06:54.345287740,T-Shirt,Clothing,41,Female,1,163.55,163.55
2025-04-09 01:24:04.203502919,Skincare Kit,Home,38,Female,5,416.25,2081.25
2025-04-09 08:41:14.061718099,Coffee Maker,Beauty,48,Male,5,102.82,514.1
2025-04-09 15:58:23.919933278,Jeans,Home,45,Female,1,257.31,257.31
2025-04-09 23:15:33.778148457,T-Shirt,Beauty,42,Male,1,247.04,247.04
2025-04-10 06:32:43.636363636,Laptop,Home,25,Female,4,374.95,1499.8
2025-04-10 13:49:53.494578816,Headphones,Home,49,Female,1,72.82,72.82
2025-04-10 21:07:03.352793995,Running Shoes,Clothing,53,Female,4,410.55,1642.2
2025-04-11 04:24:13.211009174,Yoga Mat,Beauty,52,Male,1,244.77,244.77
2025-04-11 11:41:23.069224354,Headphones,Electronics,21,Male,4,268.72,1074.88
2025-04-11 18:58:32.927439533,Yoga Mat,Beauty,51,Male,2,235.45,470.9
2025-04-12 02:15:42.785654712,Sofa,Sports,53,Male,1,27.78,27.78
2025-04-12 09:32:52.643869892,Running Shoes,Electronics,26,Female,1,229.73,229.73
2025-04-12 16:50:02.502085071,T-Shirt,Home,58,Male,1,127.43,127.43
2025-04-13 00:07:12.360300250,Headphones,Electronics,43,Male,3,162.1,486.3
2025-04-13 07:24:22.218515430,T-Shirt,Beauty,40,Female,1,296.31,296.31
2025-04-13 14:41:32.076730609,Running Shoes,Electronics,52,Male,5,229.99,1149.95
2025-04-13 21:58:41.934945788,Skincare Kit,Sports,42,Female,4,52.83,211.32
2025-04-14 05:15:51.793160968,T-Shirt,Electronics,44,Male,2,43.99,87.98
2025-04-14 12:33:01.651376147,Laptop,Sports,32,Male,5,93.32,466.6
2025-04-14 19:50:11.509591326,Headphones,Beauty,62,Female,4,95.61,382.44
2025-04-15 03:07:21.367806506,Yoga Mat,Home,64,Female,4,278.44,1113.76
2025-04-15 10:24:31.226021684,T-Shirt,Beauty,24,Female,1,89.88,89.88
2025-04-15 17:41:41.084236864,Running Shoes,Beauty,53,Female,4,398.19,1592.76
2025-04-16 00:58:50.942452044,Sofa,Sports,19,Male,3,103.88,311.64
2025-04-16 08:16:00.800667222,Watch,Clothing,35,Female,5,51.92,259.6
2025-04-16 15:33:10.658882402,Running Shoes,Home,64,Male,3,395.58,1186.74
2025-04-16 22:50:20.517097582,Yoga Mat,Electronics,26,Female,4,141.35,565.4
2025-04-17 06:07:30.375312760,Sofa,Home,36,Male,2,198.34,396.68
2025-04-17 13:24:40.233527940,Laptop,Electronics,28,Female,1,432.05,432.05
2025-04-17 20:41:50.091743120,Headphones,Home,52,Male,1,425.63,425.63
2025-04-18 03:58:59.949958298,Jeans,Home,40,Female,5,325.13,1625.65
2025-04-18 11:16:09.808173478,Yoga Mat,Clothing,46,Female,4,42.2,168.8
2025-04-18 18:33:19.666388658,Watch,Home,63,Female,2,271.88,543.76
2025-04-19 01:50:29.524603836,Watch,Beauty,43,Female,4,445.22,1780.88
2025-04-19 09:07:39.382819016,Jeans,Beauty,53,Male,1,426.75,426.75
2025-04-19 16:24:49.241034196,Skincare Kit,Clothing,22,Male,1,58.43,58.43
2025-04-19 23:41:59.099249374,Running Shoes,Home,28,Female,3,185.43,556.29
2025-04-20 06:59:08.957464554,T-Shirt,Sports,63,Male,4,150.21,600.84
2025-04-20 14:16:18.815679734,Running Shoes,Electronics,59,Male,5,68.82,344.1
2025-04-20 21:33:28.673894912,Skincare Kit,Electronics,49,Male,4,316.32,1265.28
2025-04-21 04:50:38.532110092,Laptop,Electronics,36,Female,2,131.95,263.9
2025-04-21 12:07:48.390325272,Sofa,Home,27,Male,5,163.05,815.25
2025-04-21 19:24:58.248540450,Headphones,Clothing,58,Male,3,51.58,154.74
2025-04-22 02:42:08.106755630,Skincare Kit,Beauty,55,Female,5,230.11,1150.55
2025-04-22 09:59:17.964970810,Yoga Mat,Home,29,Male,1,81.28,81.28
2025-04-22 17:16:27.823185988,Running Shoes,Clothing,46,Male,1,201.26,201.26
2025-04-23 00:33:37.681401168,Yoga Mat,Sports,47,Male,1,74.78,74.78
2025-04-23 07:50:47.539616348,Jeans,Beauty,40,Female,5,429.79,2148.95
2025-04-23 15:07:57.397831526,Laptop,Clothing,62,Male,1,75.5,75.5
2025-04-23 22:25:07.256046706,Sofa,Clothing,23,Female,5,240.59,1202.95
2025-04-24 05:42:17.114261886,Coffee Maker,Clothing,30,Male,4,98.28,393.12
2025-04-24 12:59:26.972477064,Headphones,Electronics,22,Male,1,45.45,45.45
2025-04-24 20:16:36.830692244,Skincare Kit,Electronics,51,Male,5,100.61,503.05
2025-04-25 03:33:46.688907422,Headphones,Sports,48,Male,1,35.99,35.99
2025-04-25 10:50:56.547122602,Yoga Mat,Clothing,65,Male,1,73.06,73.06
2025-04-25 18:08:06.405337782,Skincare Kit,Clothing,44,Male,3,228.15,684.45
2025-04-26 01:25:16.263552960,Laptop,Beauty,25,Male,2,297.5,595.0
2025-04-26 08:42:26.121768140,Skincare Kit,Home,39,Female,2,50.25,100.5
2025-04-26 15:59:35.979983320,Yoga Mat,Sports,22,Female,1,205.17,205.17
2025-04-26 23:16:45.838198498,Coffee Maker,Beauty,50,Female,4,266.59,1066.36
2025-04-27 06:33:55.696413678,Watch,Clothing,50,Female,1,114.59,114.59
2025-04-27 13:51:05.554628858,Yoga Mat,Clothing,59,Female,2,174.97,349.94
2025-04-27 21:08:15.412844036,T-Shirt,Sports,34,Female,3,43.46,130.38
2025-04-28 04:25:25.271059216,Sofa,Beauty,32,Female,3,108.42,325.26
2025-04-28 11:42:35.129274396,Laptop,Sports,21,Male,4,216.44,865.76
2025-04-28 18:59:44.987489574,Laptop,Electronics,37,Female,2,445.81,891.62
2025-04-29 02:16:54.845704754,Watch,Sports,40,Male,4,448.36,1793.44
2025-04-29 09:34:04.703919934,Yoga Mat,Home,54,Female,4,441.07,1764.28
2025-04-29 16:51:14.562135112,T-Shirt,Electronics,54,Female,2,197.31,394.62
2025-04-30 00:08:24.420350292,Coffee Maker,Home,24,Male,2,47.34,94.68
2025-04-30 07:25:34.278565472,Headphones,Beauty,31,Male,3,153.73,461.19
2025-04-30 14:42:44.136780650,Laptop,Electronics,42,Male,3,116.12,348.36
2025-04-30 21:59:53.994995830,Yoga Mat,Clothing,34,Male,1,18.19,18.19
2025-05-01 05:17:03.853211010,Watch,Beauty,19,Female,3,53.71,161.13
2025-05-01 12:34:13.711426188,Headphones,Clothing,58,Female,1,210.5,210.5
2025-05-01 19:51:23.569641368,Coffee Maker,Clothing,53,Female,3,160.77,482.31
2025-05-02 03:08:33.427856548,Skincare Kit,Clothing,42,Female,5,90.99,454.95
2025-05-02 10:25:43.286071726,Coffee Maker,Clothing,33,Male,3,325.65,976.95
2025-05-02 17:42:53.144286906,Running Shoes,Sports,58,Male,4,168.42,673.68
2025-05-03 01:00:03.002502086,Yoga Mat,Beauty,19,Female,2,385.12,770.24
2025-05-03 08:17:12.860717264,Laptop,Electronics,39,Female,5,117.55,587.75
2025-05-03 15:34:22.718932444,T-Shirt,Sports,56,Female,5,247.82,1239.1
2025-05-03 22:51:32.577147624,Yoga Mat,Sports,63,Male,5,92.65,463.25
2025-05-04 06:08:42.435362802,Sofa,Clothing,30,Female,4,228.94,915.76
2025-05-04 13:25:52.293577982,Skincare Kit,Beauty,49,Female,4,78.78,315.12
2025-05-04 20:43:02.151793162,Coffee Maker,Electronics,27,Male,3,82.77,248.31
2025-05-05 04:00:12.010008340,T-Shirt,Sports,23,Male,5,280.15,1400.75
2025-05-05 11:17:21.868223520,Headphones,Home,34,Male,5,127.54,637.7
2025-05-05 18:34:31.726438700,Sofa,Home,60,Male,3,87.5,262.5
2025-05-06 01:51:41.584653878,T-Shirt,Electronics,51,Male,1,419.24,419.24
2025-05-06 09:08:51.442869058,Yoga Mat,Sports,41,Female,1,30.84,30.84
2025-05-06 16:26:01.301084236,T-Shirt,Electronics,31,Female,2,259.53,519.06
2025-05-06 23:43:11.159299416,Laptop,Clothing,24,Male,1,252.14,252.14
2025-05-07 07:00:21.017514596,Jeans,Electronics,30,Female,2,121.77,243.54
2025-05-07 14:17:30.875729774,Watch,Beauty,25,Female,1,210.31,210.31
2025-05-07 21:34:40.733944954,T-Shirt,Electronics,26,Male,5,50.43,252.15
2025-05-08 04:51:50.592160134,Coffee Maker,Sports,51,Male,1,327.92,327.92
2025-05-08 12:09:00.450375312,Headphones,Home,24,Male,4,109.1,436.4
2025-05-08 19:26:10.308590492,Watch,Electronics,20,Female,2,96.7,193.4
2025-05-09 02:43:20.166805672,T-Shirt,Electronics,44,Female,1,149.92,149.92
2025-05-09 10:00:30.025020850,Yoga Mat,Electronics,31,Female,4,407.24,1628.96
2025-05-09 17:17:39.883236030,Jeans,Home,39,Female,5,360.85,1804.25
2025-05-10 00:34:49.741451210,Watch,Beauty,24,Male,4,426.74,1706.96
2025-05-10 07:51:59.599666388,Skincare Kit,Clothing,28,Male,5,297.56,1487.8
2025-05-10 15:09:09.457881568,Yoga Mat,Beauty,39,Female,3,302.36,907.08
2025-05-10 22:26:19.316096748,Jeans,Electronics,51,Male,4,222.25,889.0
2025-05-11 05:43:29.174311926,T-Shirt,Beauty,37,Male,1,408.47,408.47
2025-05-11 13:00:39.032527106,Yoga Mat,Sports,44,Male,5,235.76,1178.8
2025-05-11 20:17:48.890742286,Coffee Maker,Beauty,43,Male,4,167.52,670.08
2025-05-12 03:34:58.748957464,Skincare Kit,Beauty,30,Male,2,292.48,584.96
2025-05-12 10:52:08.607172644,Headphones,Beauty,31,Male,2,251.21,502.42
2025-05-12 18:09:18.465387824,Skincare Kit,Electronics,38,Male,4,66.32,265.28
2025-05-13 01:26:28.323603002,Headphones,Electronics,19,Female,1,184.01,184.01
2025-05-13 08:43:38.181818182,Yoga Mat,Electronics,50,Female,5,149.24,746.2
2025-05-13 16:00:48.040033362,Watch,Home,47,Female,2,382.91,765.82
2025-05-13 23:17:57.898248540,Sofa,Beauty,32,Female,1,177.93,177.93
2025-05-14 06:35:07.756463720,Yoga Mat,Home,35,Female,2,371.84,743.68
2025-05-14 13:52:17.614678900,Running Shoes,Sports,33,Male,5,205.77,1028.85
2025-05-14 21:09:27.472894078,Coffee Maker,Electronics,49,Female,2,342.03,684.06
2025-05-15 04:26:37.331109258,Coffee Maker,Beauty,54,Female,3,71.25,213.75
2025-05-15 11:43:47.189324438,Running Shoes,Electronics,23,Female,5,417.0,2085.0
2025-05-15 19:00:57.047539616,Running Shoes,Clothing,37,Male,1,222.49,222.49
2025-05-16 02:18:06.905754796,Running Shoes,Beauty,18,Male,4,125.79,503.16
2025-05-16 09:35:16.763969976,Watch,Sports,39,Female,2,117.77,235.54
2025-05-16 16:52:26.622185154,Skincare Kit,Home,29,Female,4,128.1,512.4
2025-05-17 00:09:36.480400334,Sofa,Electronics,34,Female,1,172.63,172.63
2025-05-17 07:26:46.338615514,Skincare Kit,Home,39,Female,1,326.27,326.27
2025-05-17 14:43:56.196830692,T-Shirt,Electronics,33,Male,4,427.93,1711.72
2025-05-17 22:01:06.055045872,Skincare Kit,Sports,36,Male,5,305.04,1525.2
2025-05-18 05:18:15.913261052,T-Shirt,Beauty,54,Female,5,251.66,1258.3
2025-05-18 12:35:25.771476230,Laptop,Electronics,56,Female,4,208.49,833.96
2025-05-18 19:52:35.629691410,Coffee Maker,Electronics,18,Male,3,374.75,1124.25
2025-05-19 03:09:45.487906588,Laptop,Electronics,36,Male,1,384.15,384.15
2025-05-19 10:26:55.346121768,Headphones,Sports,58,Male,2,140.35,280.7
2025-05-19 17:44:05.204336948,Coffee Maker,Clothing,43,Male,4,429.6,1718.4
2025-05-20 01:01:15.062552126,Coffee Maker,Beauty,27,Female,2,185.06,370.12
2025-05-20 08:18:24.920767306,Running Shoes,Home,46,Male,3,362.43,1087.29
2025-05-20 15:35:34.778982486,T-Shirt,Home,24,Female,1,435.47,435.47
2025-05-20 22:52:44.637197664,Yoga Mat,Electronics,19,Male,3,320.2,960.6
2025-05-21 06:09:54.495412844,Watch,Sports,48,Female,2,82.76,165.52
2025-05-21 13:27:04.353628024,Jeans,Clothing,42,Male,1,268.73,268.73
2025-05-21 20:44:14.211843202,Laptop,Home,54,Female,1,64.02,64.02
2025-05-22 04:01:24.070058382,Laptop,Beauty,34,Female,3,357.64,1072.92
2025-05-22 11:18:33.928273562,Skincare Kit,Home,59,Female,2,135.22,270.44
2025-05-22 18:35:43.786488740,T-Shirt,Sports,38,Female,1,316.5,316.5
2025-05-23 01:52:53.644703920,Watch,Electronics,53,Female,3,410.62,1231.86
2025-05-23 09:10:03.502919100,Sofa,Home,22,Female,1,91.28,91.28
2025-05-23 16:27:13.361134278,Sofa,Clothing,22,Male,1,184.07,184.07
2025-05-23 23:44:23.219349458,Yoga Mat,Clothing,55,Male,1,295.44,295.44
2025-05-24 07:01:33.077564638,Watch,Electronics,58,Male,3,195.81,587.43
2025-05-24 14:18:42.935779816,Sofa,Electronics,63,Male,5,88.57,442.85
2025-05-24 21:35:52.793994996,Skincare Kit,Clothing,33,Female,2,24.73,49.46
2025-05-25 04:53:02.652210176,Headphones,Clothing,19,Male,2,190.09,380.18
2025-05-25 12:10:12.510425354,Jeans,Clothing,65,Male,2,296.35,592.7
2025-05-25 19:27:22.368640534,Yoga Mat,Home,46,Female,2,263.41,526.82
2025-05-26 02:44:32.226855714,Watch,Home,29,Male,4,80.43,321.72
2025-05-26 10:01:42.085070892,Yoga Mat,Clothing,54,Male,2,209.4,418.8
2025-05-26 17:18:51.943286072,Laptop,Clothing,61,Female,4,173.83,695.32
2025-05-27 00:36:01.801501252,Sofa,Electronics,31,Female,5,132.1,660.5
2025-05-27 07:53:11.659716430,Headphones,Home,54,Female,5,331.42,1657.1
2025-05-27 15:10:21.517931610,Laptop,Clothing,55,Female,3,147.63,442.89
2025-05-27 22:27:31.376146790,Skincare Kit,Electronics,42,Female,4,248.58,994.32
2025-05-28 05:44:41.234361968,T-Shirt,Clothing,48,Female,5,416.37,2081.85
2025-05-28 13:01:51.092577148,Yoga Mat,Clothing,30,Male,4,248.2,992.8
2025-05-28 20:19:00.950792328,Laptop,Clothing,62,Female,2,282.26,564.52
2025-05-29 03:36:10.809007506,T-Shirt,Home,65,Male,1,44.08,44.08
2025-05-29 10:53:20.667222686,T-Shirt,Home,65,Male,1,90.02,90.02
2025-05-29 18:10:30.525437866,T-Shirt,Beauty,53,Female,5,56.22,281.1
2025-05-30 01:27:40.383653044,Headphones,Home,20,Female,3,346.99,1040.97
2025-05-30 08:44:50.241868224,Skincare Kit,Home,35,Male,2,378.13,756.26
2025-05-30 16:02:00.100083402,Yoga Mat,Clothing,39,Female,2,93.67,187.34
2025-05-30 23:19:09.958298582,Sofa,Beauty,64,Female,2,108.04,216.08
2025-05-31 06:36:19.816513762,Headphones,Home,44,Female,5,153.56,767.8
2025-05-31 13:53:29.674728940,Jeans,Clothing,43,Male,4,270.89,1083.56
2025-05-31 21:10:39.532944120,Jeans,Home,25,Female,5,284.35,1421.75
2025-06-01 04:27:49.391159300,Coffee Maker,Clothing,56,Male,2,312.8,625.6
2025-06-01 11:44:59.249374478,Sofa,Home,34,Female,3,408.47,1225.41
2025-06-01 19:02:09.107589658,Headphones,Beauty,22,Male,1,141.23,141.23
2025-06-02 02:19:18.965804838,Watch,Sports,65,Female,5,300.54,1502.7
2025-06-02 09:36:28.824020016,Watch,Sports,27,Male,3,257.16,771.48
2025-06-02 16:53:38.682235196,Jeans,Home,18,Male,3,145.96,437.88
2025-06-03 00:10:48.540450376,Jeans,Home,21,Male,3,409.45,1228.35
2025-06-03 07:27:58.398665554,Watch,Beauty,39,Female,2,53.82,107.64
2025-06-03 14:45:08.256880734,Jeans,Clothing,22,Male,5,323.86,1619.3
2025-06-03 22:02:18.115095914,Yoga Mat,Beauty,58,Female,3,330.81,992.43
2025-06-04 05:19:27.973311092,T-Shirt,Clothing,42,Male,4,412.91,1651.64
2025-06-04 12:36:37.831526272,Skincare Kit,Electronics,33,Male,1,239.14,239.14
2025-06-04 19:53:47.689741452,T-Shirt,Electronics,18,Female,2,152.87,305.74
2025-06-05 03:10:57.547956630,Laptop,Beauty,41,Female,5,374.55,1872.75
2025-06-05 10:28:07.406171810,Running Shoes,Electronics,25,Male,1,349.61,349.61
2025-06-05 17:45:17.264386990,Sofa,Clothing,64,Male,1,231.14,231.14
2025-06-06 01:02:27.122602168,Running Shoes,Clothing,31,Male,5,348.32,1741.6
2025-06-06 08:19:36.980817348,Running Shoes,Electronics,40,Female,2,129.33,258.66
2025-06-06 15:36:46.839032528,Jeans,Clothing,18,Female,2,270.2,540.4
2025-06-06 22:53:56.697247706,Yoga Mat,Beauty,24,Male,3,390.95,1172.85
2025-06-07 06:11:06.555462886,Watch,Electronics,27,Female,1,151.28,151.28
2025-06-07 13:28:16.413678066,Skincare Kit,Beauty,20,Male,1,223.79,223.79
2025-06-07 20:45:26.271893244,Skincare Kit,Sports,52,Male,1,428.56,428.56
2025-06-08 04:02:36.130108424,Coffee Maker,Clothing,63,Female,1,361.62,361.62
2025-06-08 11:19:45.988323604,T-Shirt,Electronics,65,Female,1,400.52,400.52
2025-06-08 18:36:55.846538782,Headphones,Home,30,Male,4,180.74,722.96
2025-06-09 01:54:05.704753962,Running Shoes,Electronics,55,Female,2,448.47,896.94
2025-06-09 09:11:15.562969142,T-Shirt,Clothing,42,Male,1,78.82,78.82
2025-06-09 16:28:25.421184320,Jeans,Sports,20,Female,1,239.22,239.22
2025-06-09 23:45:35.279399500,Skincare Kit,Sports,22,Male,3,221.92,665.76
2025-06-10 07:02:45.137614680,T-Shirt,Beauty,44,Male,5,361.71,1808.55
2025-06-10 14:19:54.995829858,Jeans,Clothing,38,Male,2,409.97,819.94
2025-06-10 21:37:04.854045038,T-Shirt,Beauty,18,Female,1,332.24,332.24
2025-06-11 04:54:14.712260218,Jeans,Beauty,62,Female,2,286.55,573.1
2025-06-11 12:11:24.570475396,T-Shirt,Clothing,53,Male,3,199.21,597.63
2025-06-11 19:28:34.428690576,Running Shoes,Home,42,Female,1,235.52,235.52
2025-06-12 02:45:44.286905754,Watch,Electronics,65,Female,5,235.07,1175.35
2025-06-12 10:02:54.145120934,Sofa,Electronics,64,Male,4,20.92,83.68
2025-06-12 17:20:04.003336114,Coffee Maker,Home,64,Female,2,232.33,464.66
2025-06-13 00:37:13.861551292,Coffee Maker,Electronics,30,Female,5,386.92,1934.6
2025-06-13 07:54:23.719766472,Yoga Mat,Electronics,60,Male,2,322.66,645.32
2025-06-13 15:11:33.577981652,T-Shirt,Beauty,42,Male,1,360.52,360.52
2025-06-13 22:28:43.436196830,Coffee Maker,Sports,52,Male,5,183.03,915.15
2025-06-14 05:45:53.294412010,Yoga Mat,Home,59,Female,5,243.69,1218.45
2025-06-14 13:03:03.152627190,Coffee Maker,Beauty,25,Female,2,26.67,53.34
2025-06-14 20:20:13.010842368,T-Shirt,Sports,39,Male,3,179.75,539.25
2025-06-15 03:37:22.869057548,Watch,Electronics,24,Male,1,219.79,219.79
2025-06-15 10:54:32.727272728,T-Shirt,Clothing,31,Male,4,123.78,495.12
2025-06-15 18:11:42.585487906,Headphones,Clothing,37,Male,4,25.68,102.72
2025-06-16 01:28:52.443703086,Running Shoes,Electronics,59,Male,4,314.4,1257.6
2025-06-16 08:46:02.301918266,Headphones,Beauty,59,Male,3,202.57,607.71
2025-06-16 16:03:12.160133444,Headphones,Clothing,36,Female,4,194.07,776.28
2025-06-16 23:20:22.018348624,Laptop,Clothing,33,Male,3,121.49,364.47
2025-06-17 06:37:31.876563804,Headphones,Electronics,43,Female,5,247.57,1237.85
2025-06-17 13:54:41.734778982,Yoga Mat,Electronics,61,Male,1,203.86,203.86
2025-06-17 21:11:51.592994162,Running Shoes,Sports,64,Male,3,219.61,658.83
2025-06-18 04:29:01.451209342,Sofa,Electronics,28,Female,3,266.42,799.26
2025-06-18 11:46:11.309424520,Yoga Mat,Clothing,26,Female,3,14.77,44.31
2025-06-18 19:03:21.167639700,Laptop,Clothing,51,Female,1,409.57,409.57
2025-06-19 02:20:31.025854880,Running Shoes,Clothing,32,Female,2,43.14,86.28
2025-06-19 09:37:40.884070058,Headphones,Home,27,Male,5,209.51,1047.55
2025-06-19 16:54:50.742285238,Running Shoes,Clothing,19,Male,1,102.83,102.83
2025-06-20 00:12:00.600500418,Yoga Mat,Electronics,37,Female,4,241.42,965.68
2025-06-20 07:29:10.458715596,Running Shoes,Clothing,36,Female,4,134.74,538.96
2025-06-20 14:46:20.316930776,Yoga Mat,Beauty,45,Female,3,388.68,1166.04
2025-06-20 22:03:30.175145956,Laptop,Home,27,Female,1,185.61,185.61
2025-06-21 05:20:40.033361134,Coffee Maker,Home,52,Male,1,291.77,291.77
2025-06-21 12:37:49.891576314,Headphones,Home,50,Male,2,121.01,242.02
2025-06-21 19:54:59.749791494,Sofa,Beauty,40,Male,1,20.5,20.5
2025-06-22 03:12:09.608006672,Sofa,Electronics,26,Female,1,189.02,189.02
2025-06-22 10:29:19.466221852,Coffee Maker,Clothing,42,Female,1,246.98,246.98
2025-06-22 17:46:29.324437032,Jeans,Home,50,Male,1,213.28,213.28
2025-06-23 01:03:39.182652210,Jeans,Clothing,35,Female,5,433.36,2166.8
2025-06-23 08:20:49.040867390,Laptop,Beauty,30,Female,4,321.6,1286.4
2025-06-23 15:37:58.899082568,Headphones,Clothing,42,Male,1,448.1,448.1
2025-06-23 22:55:08.757297748,Yoga Mat,Beauty,35,Male,4,141.24,564.96
2025-06-24 06:12:18.615512928,Laptop,Sports,37,Female,1,357.61,357.61
2025-06-24 13:29:28.473728106,Running Shoes,Home,34,Female,3,255.33,765.99
2025-06-24 20:46:38.331943286,Running Shoes,Sports,32,Male,1,279.95,279.95
2025-06-25 04:03:48.190158466,Watch,Home,52,Male,1,443.8,443.8
2025-06-25 11:20:58.048373644,Sofa,Sports,40,Male,1,298.45,298.45
2025-06-25 18:38:07.906588824,Running Shoes,Clothing,40,Female,3,405.68,1217.04
2025-06-26 01:55:17.764804004,Coffee Maker,Clothing,49,Male,3,329.88,989.64
2025-06-26 09:12:27.623019182,Laptop,Home,35,Female,2,67.8,135.6
2025-06-26 16:29:37.481234362,Watch,Electronics,22,Male,4,318.35,1273.4
2025-06-26 23:46:47.339449542,Watch,Clothing,58,Male,4,224.13,896.52
2025-06-27 07:03:57.197664720,Coffee Maker,Sports,20,Male,4,414.43,1657.72
2025-06-27 14:21:07.055879900,Jeans,Home,45,Female,3,365.39,1096.17
2025-06-27 21:38:16.914095080,Coffee Maker,Electronics,30,Male,3,57.61,172.83
2025-06-28 04:55:26.772310258,Coffee Maker,Clothing,28,Female,3,70.66,211.98
2025-06-28 12:12:36.630525438,Yoga Mat,Electronics,20,Male,2,42.49,84.98
2025-06-28 19:29:46.488740618,Running Shoes,Electronics,61,Female,3,228.04,684.12
2025-06-29 02:46:56.346955796,Running Shoes,Sports,38,Male,1,47.38,47.38
2025-06-29 10:04:06.205170976,Jeans,Clothing,34,Male,5,328.97,1644.85
2025-06-29 17:21:16.063386156,T-Shirt,Clothing,53,Female,2,253.93,507.86
2025-06-30 00:38:25.921601334,Watch,Home,19,Female,4,378.12,1512.48
2025-06-30 07:55:35.779816514,Coffee Maker,Electronics,45,Female,5,134.55,672.75
2025-06-30 15:12:45.638031694,Jeans,Clothing,41,Male,3,239.38,718.14
2025-06-30 22:29:55.496246872,Skincare Kit,Beauty,44,Female,5,63.46,317.3
2025-07-01 05:47:05.354462052,Skincare Kit,Home,23,Male,3,399.46,1198.38
2025-07-01 13:04:15.212677232,Running Shoes,Sports,63,Female,1,88.65,88.65
2025-07-01 20:21:25.070892410,Jeans,Home,29,Female,1,56.83,56.83
2025-07-02 03:38:34.929107590,Coffee Maker,Clothing,50,Female,1,101.81,101.81
2025-07-02 10:55:44.787322770,Jeans,Beauty,53,Female,5,365.13,1825.65
2025-07-02 18:12:54.645537948,Yoga Mat,Sports,34,Female,3,58.35,175.05
2025-07-03 01:30:04.503753128,Yoga Mat,Beauty,24,Female,2,281.12,562.24
2025-07-03 08:47:14.361968308,Coffee Maker,Sports,32,Male,3,338.83,1016.49
2025-07-03 16:04:24.220183486,Skincare Kit,Beauty,56,Male,2,340.97,681.94
2025-07-03 23:21:34.078398666,Headphones,Sports,61,Female,5,95.25,476.25
2025-07-04 06:38:43.936613846,Running Shoes,Electronics,62,Female,5,38.99,194.95
2025-07-04 13:55:53.794829024,Jeans,Beauty,28,Female,1,208.58,208.58
2025-07-04 21:13:03.653044204,Watch,Clothing,47,Female,4,100.69,402.76
2025-07-05 04:30:13.511259384,Skincare Kit,Home,25,Male,2,318.28,636.56
2025-07-05 11:47:23.369474562,Headphones,Home,52,Male,1,168.23,168.23
2025-07-05 19:04:33.227689742,Laptop,Sports,37,Female,5,208.82,1044.1
2025-07-06 02:21:43.085904920,Coffee Maker,Sports,52,Female,1,61.71,61.71
2025-07-06 09:38:52.944120100,Running Shoes,Clothing,50,Male,2,260.59,521.18
2025-07-06 16:56:02.802335280,Running Shoes,Beauty,65,Male,1,93.26,93.26
2025-07-07 00:13:12.660550458,Headphones,Beauty,41,Male,3,309.4,928.2
2025-07-07 07:30:22.518765638,Sofa,Clothing,34,Male,3,43.17,129.51
2025-07-07 14:47:32.376980818,Headphones,Electronics,43,Female,2,439.44,878.88
2025-07-07 22:04:42.235195996,Coffee Maker,Electronics,25,Female,1,311.82,311.82
2025-07-08 05:21:52.093411176,Skincare Kit,Beauty,23,Female,1,91.6,91.6
2025-07-08 12:39:01.951626356,T-Shirt,Clothing,42,Female,5,18.17,90.85
2025-07-08 19:56:11.809841534,Skincare Kit,Sports,57,Male,5,158.49,792.45
2025-07-09 03:13:21.668056714,T-Shirt,Clothing,43,Male,5,78.93,394.65
2025-07-09 10:30:31.526271894,Skincare Kit,Sports,55,Male,3,107.66,322.98
2025-07-09 17:47:41.384487072,Jeans,Clothing,26,Male,3,394.26,1182.78
2025-07-10 01:04:51.242702252,T-Shirt,Beauty,39,Female,4,276.2,1104.8
2025-07-10 08:22:01.100917432,Coffee Maker,Electronics,47,Male,4,89.29,357.16
2025-07-10 15:39:10.959132610,Sofa,Home,34,Male,3,255.82,767.46
2025-07-10 22:56:20.817347790,Watch,Beauty,18,Female,2,124.03,248.06
2025-07-11 06:13:30.675562970,Coffee Maker,Sports,21,Female,3,439.58,1318.74
2025-07-11 13:30:40.533778148,Sofa,Beauty,62,Male,1,26.35,26.35
2025-07-11 20:47:50.391993328,Headphones,Electronics,47,Male,1,332.76,332.76
2025-07-12 04:05:00.250208508,T-Shirt,Clothing,30,Female,4,350.57,1402.28
2025-07-12 11:22:10.108423686,Laptop,Electronics,30,Female,5,41.42,207.1
2025-07-12 18:39:19.966638866,Yoga Mat,Electronics,19,Female,1,87.28,87.28
2025-07-13 01:56:29.824854046,Watch,Home,63,Male,1,180.33,180.33
2025-07-13 09:13:39.683069224,T-Shirt,Beauty,23,Male,1,392.25,392.25
2025-07-13 16:30:49.541284404,Sofa,Beauty,54,Male,4,247.21,988.84
2025-07-13 23:47:59.399499584,T-Shirt,Sports,29,Female,2,299.02,598.04
2025-07-14 07:05:09.257714762,Skincare Kit,Beauty,34,Female,2,354.96,709.92
2025-07-14 14:22:19.115929942,Sofa,Beauty,31,Female,1,374.72,374.72
2025-07-14 21:39:28.974145122,Skincare Kit,Electronics,57,Female,5,220.61,1103.05
2025-07-15 04:56:38.832360300,Headphones,Clothing,19,Female,3,234.85,704.55
2025-07-15 12:13:48.690575480,T-Shirt,Home,34,Male,4,326.49,1305.96
2025-07-15 19:30:58.548790660,Watch,Sports,31,Male,4,127.34,509.36
2025-07-16 02:48:08.407005838,Coffee Maker,Electronics,31,Female,1,386.27,386.27
2025-07-16 10:05:18.265221018,Coffee Maker,Home,27,Male,5,21.1,105.5
2025-07-16 17:22:28.123436198,T-Shirt,Home,61,Male,3,97.75,293.25
2025-07-17 00:39:37.981651376,Coffee Maker,Electronics,36,Male,4,362.49,1449.96
2025-07-17 07:56:47.839866556,Watch,Clothing,38,Male,2,161.03,322.06
2025-07-17 15:13:57.698081734,T-Shirt,Sports,36,Female,5,77.63,388.15
2025-07-17 22:31:07.556296914,Coffee Maker,Home,65,Female,5,93.8,469.0
2025-07-18 05:48:17.414512094,Skincare Kit,Clothing,34,Female,3,244.47,733.41
2025-07-18 13:05:27.272727272,Coffee Maker,Sports,34,Male,1,382.63,382.63
2025-07-18 20:22:37.130942452,Running Shoes,Clothing,33,Male,5,42.95,214.75
2025-07-19 03:39:46.989157632,Watch,Sports,33,Male,5,25.35,126.75
2025-07-19 10:56:56.847372810,T-Shirt,Clothing,22,Male,3,215.74,647.22
2025-07-19 18:14:06.705587990,Skincare Kit,Home,47,Female,3,430.81,1292.43
2025-07-20 01:31:16.563803170,Sofa,Clothing,19,Female,2,134.21,268.42
2025-07-20 08:48:26.422018348,Sofa,Clothing,28,Female,1,432.12,432.12
2025-07-20 16:05:36.280233528,Skincare Kit,Sports,27,Male,5,400.8,2004.0
2025-07-20 23:22:46.138448708,Skincare Kit,Electronics,31,Female,3,136.01,408.03
2025-07-21 06:39:55.996663886,T-Shirt,Electronics,54,Male,2,369.82,739.64
2025-07-21 13:57:05.854879066,Coffee Maker,Clothing,46,Male,4,312.41,1249.64
2025-07-21 21:14:15.713094246,Headphones,Beauty,65,Female,1,236.18,236.18
2025-07-22 04:31:25.571309424,Watch,Beauty,34,Male,1,197.24,197.24
2025-07-22 11:48:35.429524604,Coffee Maker,Sports,62,Male,2,369.19,738.38
2025-07-22 19:05:45.287739784,T-Shirt,Clothing,20,Female,3,359.37,1078.11
2025-07-23 02:22:55.145954962,Laptop,Clothing,42,Male,2,343.54,687.08
2025-07-23 09:40:05.004170142,Running Shoes,Electronics,56,Female,1,449.24,449.24
2025-07-23 16:57:14.862385322,Running Shoes,Home,43,Male,2,221.59,443.18
2025-07-24 00:14:24.720600500,Sofa,Sports,62,Female,2,365.43,730.86
2025-07-24 07:31:34.578815680,Coffee Maker,Beauty,33,Male,3,389.77,1169.31
2025-07-24 14:48:44.437030860,Headphones,Home,19,Male,3,104.68,314.04
2025-07-24 22:05:54.295246038,Coffee Maker,Clothing,55,Female,5,30.43,152.15
2025-07-25 05:23:04.153461218,T-Shirt,Sports,21,Male,5,189.28,946.4
2025-07-25 12:40:14.011676398,Watch,Clothing,54,Female,2,387.25,774.5
2025-07-25 19:57:23.869891576,Sofa,Electronics,53,Male,5,138.63,693.15
2025-07-26 03:14:33.728106756,Running Shoes,Clothing,58,Female,3,318.6,955.8
2025-07-26 10:31:43.586321936,Running Shoes,Electronics,40,Female,1,15.22,15.22
2025-07-26 17:48:53.444537114,Watch,Electronics,60,Male,2,167.65,335.3
2025-07-27 01:06:03.302752294,Sofa,Electronics,26,Male,4,281.6,1126.4
2025-07-27 08:23:13.160967474,Sofa,Clothing,38,Female,5,68.83,344.15
2025-07-27 15:40:23.019182652,Skincare Kit,Home,23,Female,2,404.71,809.42
2025-07-27 22:57:32.877397832,Skincare Kit,Clothing,54,Male,1,80.45,80.45
2025-07-28 06:14:42.735613012,T-Shirt,Clothing,52,Male,1,410.49,410.49
2025-07-28 13:31:52.593828192,T-Shirt,Sports,56,Female,1,106.78,106.78
2025-07-28 20:49:02.452043368,Sofa,Beauty,54,Female,4,447.49,1789.96
2025-07-29 04:06:12.310258548,Running Shoes,Home,32,Male,3,276.88,830.64
2025-07-29 11:23:22.168473728,Skincare Kit,Clothing,21,Male,3,48.94,146.82
2025-07-29 18:40:32.026688908,Skincare Kit,Sports,62,Female,4,40.59,162.36
2025-07-30 01:57:41.884904088,Coffee Maker,Clothing,41,Male,5,44.82,224.1
2025-07-30 09:14:51.743119268,Sofa,Clothing,22,Male,4,270.37,1081.48
2025-07-30 16:32:01.601334444,Yoga Mat,Sports,62,Female,1,366.6,366.6
2025-07-30 23:49:11.459549624,Coffee Maker,Home,65,Male,3,188.5,565.5
2025-07-31 07:06:21.317764804,T-Shirt,Beauty,39,Female,5,206.84,1034.2
2025-07-31 14:23:31.175979984,Skincare Kit,Home,54,Male,4,270.11,1080.44
2025-07-31 21:40:41.034195164,T-Shirt,Home,19,Female,2,245.47,490.94
2025-08-01 04:57:50.892410344,Sofa,Clothing,22,Male,2,313.37,626.74
2025-08-01 12:15:00.750625520,Skincare Kit,Clothing,31,Female,5,218.64,1093.2
2025-08-01 19:32:10.608840700,T-Shirt,Clothing,49,Male,1,324.67,324.67
2025-08-02 02:49:20.467055880,Laptop,Electronics,24,Male,3,448.82,1346.46
2025-08-02 10:06:30.325271060,Running Shoes,Sports,19,Female,1,165.43,165.43
2025-08-02 17:23:40.183486240,Coffee Maker,Clothing,50,Female,5,17.35,86.75
2025-08-03 00:40:50.041701420,Skincare Kit,Home,54,Female,1,67.02,67.02
2025-08-03 07:57:59.899916596,Watch,Beauty,53,Male,1,254.44,254.44
2025-08-03 15:15:09.758131776,Skincare Kit,Beauty,56,Male,2,162.78,325.56
2025-08-03 22:32:19.616346956,Yoga Mat,Clothing,56,Female,2,423.71,847.42
2025-08-04 05:49:29.474562136,Sofa,Clothing,46,Female,3,286.82,860.46
2025-08-04 13:06:39.332777316,Headphones,Sports,42,Male,2,239.92,479.84
2025-08-04 20:23:49.190992492,Coffee Maker,Home,59,Female,2,361.54,723.08
2025-08-05 03:40:59.049207672,Laptop,Beauty,34,Female,3,125.26,375.78
2025-08-05 10:58:08.907422852,Yoga Mat,Sports,22,Female,3,371.05,1113.15
2025-08-05 18:15:18.765638032,Skincare Kit,Beauty,54,Female,5,13.34,66.7
2025-08-06 01:32:28.623853212,Running Shoes,Electronics,31,Female,3,283.42,850.26
2025-08-06 08:49:38.482068392,Jeans,Home,64,Female,3,421.42,1264.26
2025-08-06 16:06:48.340283568,Jeans,Electronics,37,Female,4,357.08,1428.32
2025-08-06 23:23:58.198498748,Laptop,Home,58,Female,1,385.89,385.89
2025-08-07 06:41:08.056713928,Watch,Sports,20,Female,4,185.87,743.48
2025-08-07 13:58:17.914929108,Jeans,Home,49,Male,5,373.02,1865.1
2025-08-07 21:15:27.773144288,Yoga Mat,Clothing,39,Female,2,253.26,506.52
2025-08-08 04:32:37.631359468,Running Shoes,Electronics,40,Female,1,282.92,282.92
2025-08-08 11:49:47.489574644,Jeans,Sports,30,Female,2,37.8,75.6
2025-08-08 19:06:57.347789824,Running Shoes,Electronics,64,Female,2,100.28,200.56
2025-08-09 02:24:07.206005004,Watch,Electronics,36,Male,3,253.32,759.96
2025-08-09 09:41:17.064220184,Watch,Clothing,58,Female,5,37.75,188.75
2025-08-09 16:58:26.922435364,Yoga Mat,Electronics,38,Male,3,336.75,1010.25
2025-08-10 00:15:36.780650544,Headphones,Clothing,20,Male,1,379.94,379.94
2025-08-10 07:32:46.638865720,Coffee Maker,Home,60,Male,2,415.12,830.24
2025-08-10 14:49:56.497080900,Skincare Kit,Clothing,26,Female,4,56.57,226.28
2025-08-10 22:07:06.355296080,Running Shoes,Electronics,30,Female,2,423.6,847.2
2025-08-11 05:24:16.213511260,Coffee Maker,Electronics,59,Female,3,41.62,124.86
2025-08-11 12:41:26.071726440,Laptop,Clothing,60,Male,4,219.64,878.56
2025-08-11 19:58:35.929941620,Coffee Maker,Electronics,62,Male,2,380.03,760.06
2025-08-12 03:15:45.788156796,Laptop,Beauty,38,Female,4,42.8,171.2
2025-08-12 10:32:55.646371976,Headphones,Electronics,54,Male,2,19.99,39.98
2025-08-12 17:50:05.504587156,Running Shoes,Clothing,33,Female,1,22.93,22.93
2025-08-13 01:07:15.362802336,Running Shoes,Clothing,53,Female,2,235.94,471.88
2025-08-13 08:24:25.221017516,Running Shoes,Clothing,42,Female,3,367.48,1102.44
2025-08-13 15:41:35.079232696,Running Shoes,Electronics,20,Male,1,67.81,67.81
2025-08-13 22:58:44.937447872,Running Shoes,Electronics,38,Male,5,66.58,332.9
2025-08-14 06:15:54.795663052,Running Shoes,Sports,40,Male,3,261.02,783.06
2025-08-14 13:33:04.653878232,Headphones,Electronics,30,Female,1,114.62,114.62
2025-08-14 20:50:14.512093412,Coffee Maker,Home,35,Male,5,331.83,1659.15
2025-08-15 04:07:24.370308592,Headphones,Clothing,42,Female,5,427.94,2139.7
2025-08-15 11:24:34.228523772,Jeans,Clothing,20,Male,1,347.52,347.52
2025-08-15 18:41:44.086738948,Watch,Clothing,25,Male,1,396.2,396.2
2025-08-16 01:58:53.944954128,Yoga Mat,Beauty,54,Male,2,239.58,479.16
2025-08-16 09:16:03.803169308,T-Shirt,Beauty,34,Female,3,376.56,1129.68
2025-08-16 16:33:13.661384488,Coffee Maker,Clothing,47,Female,4,92.11,368.44
2025-08-16 23:50:23.519599668,Sofa,Clothing,45,Male,3,41.94,125.82
2025-08-17 07:07:33.377814844,T-Shirt,Clothing,44,Female,4,299.31,1197.24
2025-08-17 14:24:43.236030024,Coffee Maker,Clothing,37,Female,1,34.76,34.76
2025-08-17 21:41:53.094245204,Laptop,Beauty,41,Female,4,402.91,1611.64
2025-08-18 04:59:02.952460384,Watch,Clothing,57,Female,5,314.9,1574.5
2025-08-18 12:16:12.810675564,Coffee Maker,Clothing,64,Male,3,429.06,1287.18
2025-08-18 19:33:22.668890744,Yoga Mat,Sports,30,Male,3,149.48,448.44
2025-08-19 02:50:32.527105920,Jeans,Electronics,50,Female,2,224.94,449.88
2025-08-19 10:07:42.385321100,Watch,Clothing,64,Male,5,336.86,1684.3
2025-08-19 17:24:52.243536280,T-Shirt,Beauty,18,Male,1,118.34,118.34
2025-08-20 00:42:02.101751460,Watch,Electronics,55,Male,2,249.33,498.66
2025-08-20 07:59:11.959966640,T-Shirt,Electronics,41,Female,1,300.85,300.85
2025-08-20 15:16:21.818181820,Skincare Kit,Electronics,64,Male,5,440.72,2203.6
2025-08-20 22:33:31.676396996,T-Shirt,Sports,45,Male,3,338.18,1014.54
2025-08-21 05:50:41.534612176,Running Shoes,Electronics,58,Female,5,63.74,318.7
2025-08-21 13:07:51.392827356,Coffee Maker,Electronics,25,Male,4,220.2,880.8
2025-08-21 20:25:01.251042536,Sofa,Electronics,24,Male,3,269.88,809.64
2025-08-22 03:42:11.109257716,Watch,Electronics,62,Male,3,76.22,228.66
2025-08-22 10:59:20.967472896,Jeans,Home,43,Male,2,201.2,402.4
2025-08-22 18:16:30.825688072,Jeans,Clothing,44,Female,3,136.39,409.17
2025-08-23 01:33:40.683903252,Yoga Mat,Home,26,Female,4,64.05,256.2
2025-08-23 08:50:50.542118432,Running Shoes,Home,28,Male,5,236.27,1181.35
2025-08-23 16:08:00.400333612,Skincare Kit,Beauty,57,Female,3,84.55,253.65
2025-08-23 23:25:10.258548792,Yoga Mat,Electronics,32,Female,5,270.66,1353.3
2025-08-24 06:42:20.116763972,Headphones,Sports,46,Female,5,86.33,431.65
2025-08-24 13:59:29.974979148,Jeans,Home,33,Female,3,328.93,986.79
2025-08-24 21:16:39.833194328,Sofa,Electronics,30,Female,3,97.52,292.56
2025-08-25 04:33:49.691409508,Sofa,Beauty,25,Male,1,404.57,404.57
2025-08-25 11:50:59.549624688,T-Shirt,Sports,62,Male,2,23.48,46.96
2025-08-25 19:08:09.407839868,Sofa,Clothing,63,Female,5,240.63,1203.15
2025-08-26 02:25:19.266055048,T-Shirt,Sports,23,Female,1,152.21,152.21
2025-08-26 09:42:29.124270224,Coffee Maker,Clothing,34,Female,2,110.58,221.16
2025-08-26 16:59:38.982485404,Laptop,Home,45,Male,4,218.56,874.24
2025-08-27 00:16:48.840700584,Jeans,Sports,36,Male,2,380.8,761.6
2025-08-27 07:33:58.698915764,Yoga Mat,Clothing,52,Female,5,412.89,2064.45
2025-08-27 14:51:08.557130944,Coffee Maker,Beauty,30,Male,4,144.82,579.28
2025-08-27 22:08:18.415346124,Running Shoes,Clothing,20,Female,1,79.56,79.56
2025-08-28 05:25:28.273561300,Laptop,Beauty,34,Female,2,327.42,654.84
2025-08-28 12:42:38.131776480,Watch,Home,46,Female,4,266.92,1067.68
2025-08-28 19:59:47.989991660,Laptop,Electronics,26,Male,5,100.05,500.25
2025-08-29 03:16:57.848206840,Jeans,Clothing,57,Female,5,345.01,1725.05
2025-08-29 10:34:07.706422020,Jeans,Clothing,18,Female,5,239.29,1196.45
2025-08-29 17:51:17.564637196,T-Shirt,Electronics,21,Female,1,298.19,298.19
2025-08-30 01:08:27.422852376,Coffee Maker,Electronics,42,Female,4,169.39,677.56
2025-08-30 08:25:37.281067556,T-Shirt,Clothing,42,Male,1,204.32,204.32
2025-08-30 15:42:47.139282736,Sofa,Electronics,32,Female,1,90.99,90.99
2025-08-30 22:59:56.997497916,Watch,Electronics,30,Female,4,343.35,1373.4
2025-08-31 06:17:06.855713096,Yoga Mat,Beauty,21,Female,3,80.77,242.31
2025-08-31 13:34:16.713928272,Sofa,Beauty,49,Female,4,352.9,1411.6
2025-08-31 20:51:26.572143452,Yoga Mat,Beauty,36,Male,5,361.53,1807.65
2025-09-01 04:08:36.430358632,Yoga Mat,Clothing,23,Female,1,339.01,339.01
2025-09-01 11:25:46.288573812,Coffee Maker,Sports,37,Male,3,20.51,61.53
2025-09-01 18:42:56.146788992,T-Shirt,Home,62,Male,5,131.63,658.15
2025-09-02 02:00:06.005004172,Sofa,Electronics,30,Female,3,217.13,651.39
2025-09-02 09:17:15.863219348,Jeans,Electronics,60,Male,3,272.85,818.55
2025-09-02 16:34:25.721434528,Yoga Mat,Beauty,30,Male,3,414.62,1243.86
2025-09-02 23:51:35.579649708,Watch,Electronics,26,Female,5,176.52,882.6
2025-09-03 07:08:45.437864888,Running Shoes,Home,30,Female,1,395.26,395.26
2025-09-03 14:25:55.296080068,Sofa,Sports,33,Male,5,83.58,417.9
2025-09-03 21:43:05.154295248,Yoga Mat,Electronics,23,Male,5,174.62,873.1
2025-09-04 05:00:15.012510424,Sofa,Electronics,46,Male,5,34.9,174.5
2025-09-04 12:17:24.870725604,Skincare Kit,Sports,34,Female,3,337.21,1011.63
2025-09-04 19:34:34.728940784,Yoga Mat,Home,52,Male,3,77.99,233.97
2025-09-05 02:51:44.587155964,Headphones,Electronics,41,Female,2,124.57,249.14
2025-09-05 10:08:54.445371144,Sofa,Sports,39,Female,2,351.55,703.1
2025-09-05 17:26:04.303586324,Laptop,Sports,40,Female,5,246.21,1231.05
2025-09-06 00:43:14.161801500,Running Shoes,Home,25,Male,3,18.12,54.36
2025-09-06 08:00:24.020016680,Yoga Mat,Home,52,Female,4,12.98,51.92
2025-09-06 15:17:33.878231860,Running Shoes,Clothing,22,Male,1,235.67,235.67
2025-09-06 22:34:43.736447040,Jeans,Electronics,52,Male,4,145.57,582.28
2025-09-07 05:51:53.594662220,Sofa,Home,65,Male,4,90.98,363.92
2025-09-07 13:09:03.452877400,Coffee Maker,Clothing,54,Male,5,280.75,1403.75
2025-09-07 20:26:13.311092576,Coffee Maker,Home,39,Female,1,112.06,112.06
2025-09-08 03:43:23.169307756,Jeans,Beauty,33,Male,3,271.39,814.17
2025-09-08 11:00:33.027522936,Coffee Maker,Electronics,59,Female,3,178.12,534.36
2025-09-08 18:17:42.885738116,Headphones,Home,30,Male,3,93.79,281.37
2025-09-09 01:34:52.743953296,Skincare Kit,Clothing,41,Male,1,72.49,72.49
2025-09-09 08:52:02.602168472,Coffee Maker,Sports,55,Male,3,115.74,347.22
2025-09-09 16:09:12.460383652,Watch,Clothing,62,Male,2,25.07,50.14
2025-09-09 23:26:22.318598832,Watch,Home,62,Male,4,146.96,587.84
2025-09-10 06:43:32.176814012,Sofa,Home,22,Female,2,407.06,814.12
2025-09-10 14:00:42.035029192,Jeans,Clothing,61,Female,3,376.14,1128.42
2025-09-10 21:17:51.893244372,Laptop,Home,23,Male,4,174.94,699.76
2025-09-11 04:35:01.751459548,Headphones,Beauty,46,Female,1,264.22,264.22
2025-09-11 11:52:11.609674728,Headphones,Home,62,Female,4,260.5,1042.0
2025-09-11 19:09:21.467889908,Skincare Kit,Beauty,49,Male,4,374.99,1499.96
2025-09-12 02:26:31.326105088,Yoga Mat,Sports,63,Male,1,115.5,115.5
2025-09-12 09:43:41.184320268,Watch,Clothing,34,Male,1,141.82,141.82
2025-09-12 17:00:51.042535448,Laptop,Home,33,Female,5,144.18,720.9
2025-09-13 00:18:00.900750624,Sofa,Electronics,33,Female,2,29.9,59.8
2025-09-13 07:35:10.758965804,Sofa,Beauty,35,Male,5,149.83,749.15
2025-09-13 14:52:20.617180984,Watch,Home,50,Female,3,396.53,1189.59
2025-09-13 22:09:30.475396164,Headphones,Clothing,39,Female,2,411.45,822.9
2025-09-14 05:26:40.333611344,Coffee Maker,Electronics,53,Female,2,60.02,120.04
2025-09-14 12:43:50.191826524,Watch,Sports,37,Male,4,212.63,850.52
2025-09-14 20:01:00.050041700,Coffee Maker,Clothing,32,Female,1,179.03,179.03
2025-09-15 03:18:09.908256880,Laptop,Beauty,27,Female,3,226.34,679.02
2025-09-15 10:35:19.766472060,T-Shirt,Electronics,44,Female,2,254.97,509.94
2025-09-15 17:52:29.624687240,Skincare Kit,Sports,61,Female,1,20.87,20.87
2025-09-16 01:09:39.482902420,Skincare Kit,Electronics,59,Female,2,380.9,761.8
2025-09-16 08:26:49.341117600,Coffee Maker,Electronics,30,Female,3,438.46,1315.38
2025-09-16 15:43:59.199332776,T-Shirt,Sports,40,Male,4,298.19,1192.76
2025-09-16 23:01:09.057547956,Skincare Kit,Sports,51,Male,1,301.28,301.28
2025-09-17 06:18:18.915763136,Sofa,Electronics,47,Male,5,243.26,1216.3
2025-09-17 13:35:28.773978316,T-Shirt,Clothing,21,Male,5,158.41,792.05
2025-09-17 20:52:38.632193496,T-Shirt,Beauty,46,Female,4,77.25,309.0
2025-09-18 04:09:48.490408676,T-Shirt,Sports,19,Female,5,267.82,1339.1
2025-09-18 11:26:58.348623852,Headphones,Clothing,23,Female,3,31.68,95.04
2025-09-18 18:44:08.206839032,Running Shoes,Home,49,Female,5,373.13,1865.65
2025-09-19 02:01:18.065054212,Running Shoes,Beauty,22,Male,4,196.36,785.44
2025-09-19 09:18:27.923269392,Running Shoes,Beauty,34,Male,3,193.66,580.98
2025-09-19 16:35:37.781484572,Coffee Maker,Beauty,46,Female,1,155.3,155.3
2025-09-19 23:52:47.639699752,Watch,Home,49,Male,3,436.58,1309.74
2025-09-20 07:09:57.497914928,Headphones,Electronics,39,Female,5,88.61,443.05
2025-09-20 14:27:07.356130108,Jeans,Sports,22,Male,5,78.27,391.35
2025-09-20 21:44:17.214345288,Coffee Maker,Sports,56,Male,3,84.5,253.5
2025-09-21 05:01:27.072560468,Jeans,Beauty,63,Female,2,300.44,600.88
2025-09-21 12:18:36.930775648,T-Shirt,Electronics,60,Female,4,446.45,1785.8
2025-09-21 19:35:46.788990824,Yoga Mat,Electronics,53,Female,1,115.14,115.14
2025-09-22 02:52:56.647206004,T-Shirt,Beauty,37,Male,1,408.66,408.66
2025-09-22 10:10:06.505421184,Running Shoes,Electronics,60,Female,3,134.03,402.09
2025-09-22 17:27:16.363636364,Jeans,Sports,41,Female,5,295.78,1478.9
2025-09-23 00:44:26.221851544,Running Shoes,Clothing,24,Female,2,29.74,59.48
2025-09-23 08:01:36.080066724,Sofa,Beauty,58,Male,3,229.1,687.3
2025-09-23 15:18:45.938281900,Yoga Mat,Sports,33,Male,2,298.7,597.4
2025-09-23 22:35:55.796497080,Laptop,Clothing,63,Female,3,246.91,740.73
2025-09-24 05:53:05.654712260,Sofa,Clothing,35,Male,1,116.17,116.17
2025-09-24 13:10:15.512927440,Yoga Mat,Home,59,Female,3,374.88,1124.64
2025-09-24 20:27:25.371142620,Coffee Maker,Home,43,Male,3,436.92,1310.76
2025-09-25 03:44:35.229357800,Laptop,Clothing,40,Male,2,213.13,426.26
2025-09-25 11:01:45.087572976,Coffee Maker,Home,32,Female,2,290.53,581.06
2025-09-25 18:18:54.945788156,Yoga Mat,Sports,58,Male,4,358.2,1432.8
2025-09-26 01:36:04.804003336,Laptop,Clothing,20,Male,1,117.77,117.77
2025-09-26 08:53:14.662218516,Running Shoes,Electronics,40,Female,1,390.63,390.63
2025-09-26 16:10:24.520433696,Running Shoes,Clothing,35,Male,1,134.73,134.73
2025-09-26 23:27:34.378648876,T-Shirt,Clothing,44,Female,5,351.81,1759.05
2025-09-27 06:44:44.236864052,Sofa,Electronics,30,Male,2,61.1,122.2
2025-09-27 14:01:54.095079232,T-Shirt,Electronics,49,Female,1,138.31,138.31
2025-09-27 21:19:03.953294412,T-Shirt,Beauty,36,Male,5,245.73,1228.65
2025-09-28 04:36:13.811509592,Running Shoes,Clothing,27,Male,1,241.92,241.92
2025-09-28 11:53:23.669724772,Running Shoes,Sports,27,Female,2,384.49,768.98
2025-09-28 19:10:33.527939952,Sofa,Clothing,51,Female,1,448.3,448.3
2025-09-29 02:27:43.386155128,Sofa,Electronics,30,Male,4,58.96,235.84
2025-09-29 09:44:53.244370308,T-Shirt,Beauty,32,Female,4,130.87,523.48
2025-09-29 17:02:03.102585488,Coffee Maker,Sports,48,Male,4,168.63,674.52
2025-09-30 00:19:12.960800668,Sofa,Clothing,33,Male,2,221.77,443.54
2025-09-30 07:36:22.819015848,Yoga Mat,Electronics,36,Female,2,228.33,456.66
2025-09-30 14:53:32.677231028,Headphones,Electronics,29,Female,5,387.01,1935.05
2025-09-30 22:10:42.535446204,Watch,Home,34,Male,5,349.5,1747.5
2025-10-01 05:27:52.393661384,Jeans,Clothing,51,Female,1,20.26,20.26
2025-10-01 12:45:02.251876564,Sofa,Clothing,43,Male,4,211.3,845.2
2025-10-01 20:02:12.110091744,Jeans,Electronics,65,Male,5,282.72,1413.6
2025-10-02 03:19:21.968306924,Sofa,Clothing,55,Male,3,213.65,640.95
2025-10-02 10:36:31.826522104,T-Shirt,Sports,18,Male,4,69.22,276.88
2025-10-02 17:53:41.684737280,Sofa,Home,36,Female,1,186.09,186.09
2025-10-03 01:10:51.542952460,Sofa,Clothing,31,Male,1,192.31,192.31
2025-10-03 08:28:01.401167640,T-Shirt,Electronics,46,Male,1,94.22,94.22
2025-10-03 15:45:11.259382820,Laptop,Clothing,30,Female,1,343.26,343.26
2025-10-03 23:02:21.117598000,Yoga Mat,Clothing,64,Female,5,152.77,763.85
2025-10-04 06:19:30.975813176,Headphones,Beauty,32,Male,4,269.98,1079.92
2025-10-04 13:36:40.834028356,Running Shoes,Sports,43,Female,4,237.89,951.56
2025-10-04 20:53:50.692243536,Yoga Mat,Sports,23,Male,2,396.31,792.62
2025-10-05 04:11:00.550458716,Sofa,Sports,61,Female,5,65.44,327.2
2025-10-05 11:28:10.408673896,Running Shoes,Sports,61,Female,1,62.05,62.05
2025-10-05 18:45:20.266889076,Watch,Sports,56,Male,5,143.54,717.7
2025-10-06 02:02:30.125104252,Jeans,Electronics,34,Male,1,200.87,200.87
2025-10-06 09:19:39.983319432,Skincare Kit,Electronics,20,Female,1,142.76,142.76
2025-10-06 16:36:49.841534612,Sofa,Clothing,52,Male,1,346.28,346.28
2025-10-06 23:53:59.699749792,Laptop,Home,38,Male,4,119.43,477.72
2025-10-07 07:11:09.557964972,Laptop,Electronics,65,Female,2,49.13,98.26
2025-10-07 14:28:19.416180152,T-Shirt,Beauty,51,Male,3,193.24,579.72
2025-10-07 21:45:29.274395328,Coffee Maker,Home,43,Female,3,350.74,1052.22
2025-10-08 05:02:39.132610508,Jeans,Home,65,Female,4,384.55,1538.2
2025-10-08 12:19:48.990825688,Running Shoes,Electronics,56,Male,2,333.21,666.42
2025-10-08 19:36:58.849040868,Coffee Maker,Clothing,40,Male,1,256.35,256.35
2025-10-09 02:54:08.707256048,T-Shirt,Electronics,18,Female,2,329.2,658.4
2025-10-09 10:11:18.565471228,Sofa,Sports,22,Male,2,310.45,620.9
2025-10-09 17:28:28.423686404,Skincare Kit,Home,39,Male,4,114.65,458.6
2025-10-10 00:45:38.281901584,Yoga Mat,Beauty,44,Male,4,253.23,1012.92
2025-10-10 08:02:48.140116764,Jeans,Clothing,19,Female,1,349.53,349.53
2025-10-10 15:19:57.998331944,Watch,Clothing,24,Male,4,150.9,603.6
2025-10-10 22:37:07.856547124,Sofa,Clothing,51,Female,1,298.44,298.44
2025-10-11 05:54:17.714762304,Watch,Beauty,54,Male,4,222.89,891.56
2025-10-11 13:11:27.572977480,Laptop,Beauty,19,Female,2,232.38,464.76
2025-10-11 20:28:37.431192660,Sofa,Electronics,42,Female,2,51.44,102.88
2025-10-12 03:45:47.289407840,Headphones,Sports,21,Male,3,303.8,911.4
2025-10-12 11:02:57.147623020,Laptop,Electronics,52,Female,2,391.17,782.34
2025-10-12 18:20:07.005838200,Watch,Sports,58,Male,4,73.95,295.8
2025-10-13 01:37:16.864053380,Watch,Electronics,59,Male,5,172.35,861.75
2025-10-13 08:54:26.722268556,Headphones,Clothing,46,Female,5,33.32,166.6
2025-10-13 16:11:36.580483736,Skincare Kit,Beauty,48,Female,3,24.98,74.94
2025-10-13 23:28:46.438698916,Laptop,Electronics,62,Female,3,445.47,1336.41
2025-10-14 06:45:56.296914096,Jeans,Clothing,47,Male,3,228.14,684.42
2025-10-14 14:03:06.155129276,Headphones,Clothing,39,Male,4,167.72,670.88
2025-10-14 21:20:16.013344456,Coffee Maker,Clothing,54,Male,3,132.4,397.2
2025-10-15 04:37:25.871559632,Jeans,Beauty,46,Male,3,441.25,1323.75
2025-10-15 11:54:35.729774812,T-Shirt,Sports,58,Male,3,122.49,367.47
2025-10-15 19:11:45.587989992,T-Shirt,Sports,43,Female,2,329.86,659.72
2025-10-16 02:28:55.446205172,Coffee Maker,Clothing,59,Male,3,136.29,408.87
2025-10-16 09:46:05.304420352,T-Shirt,Home,20,Female,4,42.87,171.48
2025-10-16 17:03:15.162635528,Yoga Mat,Clothing,19,Male,3,311.28,933.84
2025-10-17 00:20:25.020850708,T-Shirt,Clothing,22,Male,5,12.71,63.55
2025-10-17 07:37:34.879065888,Coffee Maker,Electronics,44,Male,5,307.98,1539.9
2025-10-17 14:54:44.737281068,Yoga Mat,Sports,52,Male,3,121.66,364.98
2025-10-17 22:11:54.595496248,Running Shoes,Sports,28,Male,5,338.79,1693.95
2025-10-18 05:29:04.453711428,Laptop,Beauty,25,Male,1,349.15,349.15
2025-10-18 12:46:14.311926604,Watch,Home,59,Female,5,329.16,1645.8
2025-10-18 20:03:24.170141784,T-Shirt,Clothing,54,Female,2,22.72,45.44
2025-10-19 03:20:34.028356964,Headphones,Home,49,Male,3,320.24,960.72
2025-10-19 10:37:43.886572144,Yoga Mat,Home,41,Male,2,445.68,891.36
2025-10-19 17:54:53.744787324,Coffee Maker,Clothing,38,Male,3,118.27,354.81
2025-10-20 01:12:03.603002504,Laptop,Electronics,18,Male,2,132.12,264.24
2025-10-20 08:29:13.461217680,Watch,Electronics,27,Male,4,368.32,1473.28
2025-10-20 15:46:23.319432860,T-Shirt,Sports,61,Male,1,82.25,82.25
2025-10-20 23:03:33.177648040,Coffee Maker,Clothing,34,Female,5,301.34,1506.7
2025-10-21 06:20:43.035863220,Jeans,Sports,51,Male,5,342.7,1713.5
2025-10-21 13:37:52.894078400,Sofa,Electronics,51,Male,3,28.28,84.84
2025-10-21 20:55:02.752293580,Running Shoes,Home,32,Male,3,254.55,763.65
2025-10-22 04:12:12.610508756,T-Shirt,Electronics,27,Female,4,264.23,1056.92
2025-10-22 11:29:22.468723936,Yoga Mat,Clothing,51,Male,1,144.91,144.91
2025-10-22 18:46:32.326939116,Sofa,Electronics,22,Male,4,395.84,1583.36
2025-10-23 02:03:42.185154296,Skincare Kit,Electronics,41,Male,2,83.28,166.56
2025-10-23 09:20:52.043369476,Headphones,Sports,60,Male,4,171.52,686.08
2025-10-23 16:38:01.901584656,Jeans,Clothing,52,Male,2,383.72,767.44
2025-10-23 23:55:11.759799832,Headphones,Home,54,Female,4,95.5,382.0
2025-10-24 07:12:21.618015012,Headphones,Clothing,21,Male,4,371.76,1487.04
2025-10-24 14:29:31.476230192,Headphones,Clothing,27,Male,2,46.63,93.26
2025-10-24 21:46:41.334445372,Watch,Home,31,Female,4,226.28,905.12
2025-10-25 05:03:51.192660552,Skincare Kit,Electronics,32,Male,3,44.99,134.97
2025-10-25 12:21:01.050875732,Watch,Sports,27,Male,2,308.92,617.84
2025-10-25 19:38:10.909090908,Coffee Maker,Beauty,64,Male,3,358.28,1074.84
2025-10-26 02:55:20.767306088,Yoga Mat,Beauty,25,Female,5,384.24,1921.2
2025-10-26 10:12:30.625521268,Yoga Mat,Clothing,51,Female,1,441.79,441.79
2025-10-26 17:29:40.483736448,Coffee Maker,Electronics,46,Female,5,306.34,1531.7
2025-10-27 00:46:50.341951628,Sofa,Sports,47,Female,5,348.85,1744.25
2025-10-27 08:04:00.200166804,Coffee Maker,Clothing,28,Female,3,233.52,700.56
2025-10-27 15:21:10.058381984,Coffee Maker,Electronics,32,Female,4,411.78,1647.12
2025-10-27 22:38:19.916597164,Sofa,Clothing,47,Female,2,293.97,587.94
2025-10-28 05:55:29.774812344,Jeans,Beauty,32,Female,1,399.0,399.0
2025-10-28 13:12:39.633027524,Sofa,Home,51,Female,3,115.13,345.39
2025-10-28 20:29:49.491242704,Headphones,Beauty,19,Male,5,229.57,1147.85
2025-10-29 03:46:59.349457880,Coffee Maker,Beauty,21,Male,2,331.66,663.32
2025-10-29 11:04:09.207673060,T-Shirt,Electronics,52,Female,4,100.79,403.16
2025-10-29 18:21:19.065888240,Skincare Kit,Sports,47,Male,4,104.57,418.28
2025-10-30 01:38:28.924103420,Coffee Maker,Clothing,20,Male,4,440.38,1761.52
2025-10-30 08:55:38.782318600,Running Shoes,Home,61,Female,2,202.36,404.72
2025-10-30 16:12:48.640533780,Yoga Mat,Electronics,18,Female,2,91.64,183.28
2025-10-30 23:29:58.498748956,Laptop,Sports,63,Female,3,157.18,471.54
2025-10-31 06:47:08.356964136,Coffee Maker,Clothing,53,Male,5,186.05,930.25
2025-10-31 14:04:18.215179316,Watch,Electronics,65,Male,5,284.91,1424.55
2025-10-31 21:21:28.073394496,Yoga Mat,Clothing,63,Male,3,416.28,1248.84
2025-11-01 04:38:37.931609676,T-Shirt,Electronics,33,Male,5,444.13,2220.65
2025-11-01 11:55:47.789824856,Yoga Mat,Electronics,54,Female,3,297.44,892.32
2025-11-01 19:12:57.648040032,Skincare Kit,Home,28,Male,2,318.57,637.14
2025-11-02 02:30:07.506255212,Skincare Kit,Clothing,40,Male,1,152.96,152.96
2025-11-02 09:47:17.364470392,Skincare Kit,Sports,29,Male,4,387.44,1549.76
2025-11-02 17:04:27.222685572,Jeans,Clothing,41,Female,4,107.4,429.6
2025-11-03 00:21:37.080900752,Jeans,Beauty,59,Male,5,58.59,292.95
2025-11-03 07:38:46.939115932,Running Shoes,Clothing,38,Male,4,438.29,1753.16
2025-11-03 14:55:56.797331108,Laptop,Home,22,Female,1,390.49,390.49
2025-11-03 22:13:06.655546288,Yoga Mat,Home,33,Female,3,145.0,435.0
2025-11-04 05:30:16.513761468,Sofa,Clothing,55,Male,4,307.72,1230.88
2025-11-04 12:47:26.371976648,Laptop,Sports,43,Female,3,216.55,649.65
2025-11-04 20:04:36.230191828,Headphones,Clothing,44,Female,3,153.53,460.59
2025-11-05 03:21:46.088407008,Running Shoes,Electronics,38,Male,5,137.61,688.05
2025-11-05 10:38:55.946622184,Jeans,Home,32,Male,4,71.58,286.32
2025-11-05 17:56:05.804837364,Watch,Beauty,46,Female,4,252.6,1010.4
2025-11-06 01:13:15.663052544,Laptop,Electronics,48,Male,3,207.61,622.83
2025-11-06 08:30:25.521267724,Sofa,Clothing,61,Female,2,236.34,472.68
2025-11-06 15:47:35.379482904,Headphones,Sports,47,Female,3,106.33,318.99
2025-11-06 23:04:45.237698084,Coffee Maker,Beauty,65,Female,5,423.11,2115.55
2025-11-07 06:21:55.095913260,Jeans,Sports,57,Female,4,291.7,1166.8
2025-11-07 13:39:04.954128440,Skincare Kit,Home,21,Male,4,406.03,1624.12
2025-11-07 20:56:14.812343620,Jeans,Home,36,Female,1,59.86,59.86
2025-11-08 04:13:24.670558800,Yoga Mat,Clothing,36,Female,5,284.81,1424.05
2025-11-08 11:30:34.528773980,Running Shoes,Sports,18,Male,2,384.06,768.12
2025-11-08 18:47:44.386989156,Watch,Clothing,26,Female,5,156.94,784.7
2025-11-09 02:04:54.245204336,Coffee Maker,Beauty,54,Male,3,97.47,292.41
2025-11-09 09:22:04.103419516,Skincare Kit,Clothing,34,Male,5,128.08,640.4
2025-11-09 16:39:13.961634696,Sofa,Home,25,Male,5,131.54,657.7
2025-11-09 23:56:23.819849876,Coffee Maker,Beauty,31,Male,4,207.87,831.48
2025-11-10 07:13:33.678065056,Sofa,Home,31,Female,5,154.77,773.85
2025-11-10 14:30:43.536280232,Skincare Kit,Sports,26,Male,4,130.82,523.28
2025-11-10 21:47:53.394495412,Sofa,Clothing,22,Male,5,296.05,1480.25
2025-11-11 05:05:03.252710592,Jeans,Home,54,Female,1,35.23,35.23
2025-11-11 12:22:13.110925772,Sofa,Clothing,57,Female,1,161.08,161.08
2025-11-11 19:39:22.969140952,Jeans,Clothing,41,Male,3,314.11,942.33
2025-11-12 02:56:32.827356132,Yoga Mat,Clothing,47,Male,5,89.02,445.1
2025-11-12 10:13:42.685571308,Watch,Electronics,62,Female,4,108.77,435.08
2025-11-12 17:30:52.543786488,Yoga Mat,Electronics,58,Female,3,99.89,299.67
2025-11-13 00:48:02.402001668,Laptop,Home,19,Female,3,12.41,37.23
2025-11-13 08:05:12.260216848,Running Shoes,Home,63,Female,4,219.51,878.04
2025-11-13 15:22:22.118432028,Sofa,Home,21,Male,5,29.06,145.3
2025-11-13 22:39:31.976647208,Yoga Mat,Electronics,19,Female,5,131.55,657.75
2025-11-14 05:56:41.834862384,Coffee Maker,Clothing,37,Male,1,447.72,447.72
2025-11-14 13:13:51.693077564,Skincare Kit,Electronics,53,Male,3,414.26,1242.78
2025-11-14 20:31:01.551292744,Headphones,Beauty,21,Female,2,106.2,212.4
2025-11-15 03:48:11.409507924,Jeans,Sports,32,Female,4,147.78,591.12
2025-11-15 11:05:21.267723104,Running Shoes,Clothing,30,Male,3,215.1,645.3
2025-11-15 18:22:31.125938284,Running Shoes,Home,37,Male,5,381.85,1909.25
2025-11-16 01:39:40.984153460,Laptop,Electronics,65,Female,3,363.56,1090.68
2025-11-16 08:56:50.842368640,Running Shoes,Clothing,33,Male,4,67.29,269.16
2025-11-16 16:14:00.700583820,Skincare Kit,Electronics,28,Female,1,66.51,66.51
2025-11-16 23:31:10.558799000,Watch,Clothing,23,Male,5,194.53,972.65
2025-11-17 06:48:20.417014180,Watch,Home,27,Female,1,393.1,393.1
2025-11-17 14:05:30.275229360,Coffee Maker,Sports,24,Male,2,398.35,796.7
2025-11-17 21:22:40.133444536,Laptop,Electronics,45,Male,5,59.03,295.15
2025-11-18 04:39:49.991659716,Watch,Home,38,Male,5,263.54,1317.7
2025-11-18 11:56:59.849874896,Skincare Kit,Beauty,41,Female,3,80.19,240.57
2025-11-18 19:14:09.708090076,Running Shoes,Sports,57,Female,3,312.52,937.56
2025-11-19 02:31:19.566305256,Yoga Mat,Home,45,Female,1,413.4,413.4
2025-11-19 09:48:29.424520436,Watch,Clothing,25,Female,5,211.19,1055.95
2025-11-19 17:05:39.282735612,Laptop,Home,36,Male,1,48.39,48.39
2025-11-20 00:22:49.140950792,Skincare Kit,Clothing,33,Female,1,265.71,265.71
2025-11-20 07:39:58.999165972,Coffee Maker,Sports,57,Female,3,190.93,572.79
2025-11-20 14:57:08.857381152,Headphones,Clothing,32,Female,1,367.17,367.17
2025-11-20 22:14:18.715596332,Sofa,Beauty,24,Female,1,161.07,161.07
2025-11-21 05:31:28.573811508,Headphones,Electronics,53,Female,4,395.2,1580.8
2025-11-21 12:48:38.432026688,Watch,Clothing,38,Female,4,131.88,527.52
2025-11-21 20:05:48.290241868,Sofa,Sports,22,Female,2,80.99,161.98
2025-11-22 03:22:58.148457048,Coffee Maker,Home,51,Male,4,146.24,584.96
2025-11-22 10:40:08.006672228,Coffee Maker,Clothing,28,Female,4,27.29,109.16
2025-11-22 17:57:17.864887408,Watch,Sports,59,Male,2,135.19,270.38
2025-11-23 01:14:27.723102584,Sofa,Sports,57,Female,4,301.13,1204.52
2025-11-23 08:31:37.581317764,Sofa,Clothing,35,Male,3,74.32,222.96
2025-11-23 15:48:47.439532944,Headphones,Home,44,Female,5,60.78,303.9
2025-11-23 23:05:57.297748124,Headphones,Clothing,45,Male,1,69.98,69.98
2025-11-24 06:23:07.155963304,Running Shoes,Home,49,Female,2,45.97,91.94
2025-11-24 13:40:17.014178484,Coffee Maker,Clothing,21,Male,2,395.09,790.18
2025-11-24 20:57:26.872393660,Coffee Maker,Clothing,33,Male,2,425.52,851.04
2025-11-25 04:14:36.730608840,Sofa,Sports,26,Female,5,32.39,161.95
2025-11-25 11:31:46.588824020,Coffee Maker,Sports,51,Female,4,344.91,1379.64
2025-11-25 18:48:56.447039200,Sofa,Beauty,21,Male,3,334.87,1004.61
2025-11-26 02:06:06.305254380,Running Shoes,Sports,42,Male,3,448.65,1345.95
2025-11-26 09:23:16.163469560,Laptop,Beauty,52,Female,5,164.37,821.85
2025-11-26 16:40:26.021684736,Skincare Kit,Beauty,63,Female,3,137.05,411.15
2025-11-26 23:57:35.879899916,Yoga Mat,Beauty,31,Male,2,210.45,420.9
2025-11-27 07:14:45.738115096,Running Shoes,Clothing,18,Female,1,387.18,387.18
2025-11-27 14:31:55.596330276,Coffee Maker,Clothing,52,Male,2,331.12,662.24
2025-11-27 21:49:05.454545456,T-Shirt,Clothing,18,Female,4,218.57,874.28
2025-11-28 05:06:15.312760636,Jeans,Home,21,Male,3,119.12,357.36
2025-11-28 12:23:25.170975812,Skincare Kit,Clothing,65,Male,3,330.43,991.29
2025-11-28 19:40:35.029190992,Coffee Maker,Clothing,59,Male,3,386.28,1158.84
2025-11-29 02:57:44.887406172,Yoga Mat,Home,51,Female,5,187.18,935.9
2025-11-29 10:14:54.745621352,Headphones,Clothing,58,Female,5,304.84,1524.2
2025-11-29 17:32:04.603836532,T-Shirt,Electronics,21,Male,1,187.29,187.29
2025-11-30 00:49:14.462051712,Running Shoes,Beauty,22,Female,1,221.58,221.58
2025-11-30 08:06:24.320266888,T-Shirt,Sports,32,Female,2,241.91,483.82
2025-11-30 15:23:34.178482068,Running Shoes,Electronics,19,Female,5,351.77,1758.85
2025-11-30 22:40:44.036697248,Laptop,Electronics,60,Female,3,440.15,1320.45
2025-12-01 05:57:53.894912428,Jeans,Clothing,20,Male,5,206.63,1033.15
2025-12-01 13:15:03.753127608,Skincare Kit,Beauty,44,Male,4,161.93,647.72
2025-12-01 20:32:13.611342784,Sofa,Beauty,58,Female,3,175.63,526.89
2025-12-02 03:49:23.469557964,Laptop,Electronics,53,Male,2,70.64,141.28
2025-12-02 11:06:33.327773144,Watch,Beauty,29,Male,2,142.06,284.12
2025-12-02 18:23:43.185988324,Watch,Electronics,40,Male,1,49.86,49.86
2025-12-03 01:40:53.044203504,Watch,Clothing,44,Female,3,199.42,598.26
2025-12-03 08:58:02.902418684,Laptop,Sports,54,Female,2,85.3,170.6
2025-12-03 16:15:12.760633860,Skincare Kit,Electronics,38,Female,2,163.73,327.46
2025-12-03 23:32:22.618849040,Yoga Mat,Electronics,31,Male,1,359.59,359.59
2025-12-04 06:49:32.477064220,Headphones,Clothing,56,Male,4,119.72,478.88
2025-12-04 14:06:42.335279400,T-Shirt,Home,60,Female,5,280.01,1400.05
2025-12-04 21:23:52.193494580,T-Shirt,Sports,41,Male,3,406.72,1220.16
2025-12-05 04:41:02.051709760,Sofa,Sports,19,Female,3,260.31,780.93
2025-12-05 11:58:11.909924936,Yoga Mat,Electronics,42,Male,5,96.88,484.4
2025-12-05 19:15:21.768140116,T-Shirt,Electronics,60,Male,3,163.01,489.03
2025-12-06 02:32:31.626355296,Yoga Mat,Beauty,65,Male,4,270.58,1082.32
2025-12-06 09:49:41.484570476,Jeans,Clothing,37,Female,3,233.9,701.7
2025-12-06 17:06:51.342785656,Yoga Mat,Sports,25,Female,3,77.1,231.3
2025-12-07 00:24:01.201000836,Watch,Home,45,Male,3,207.7,623.1
2025-12-07 07:41:11.059216012,Skincare Kit,Electronics,57,Female,4,249.86,999.44
2025-12-07 14:58:20.917431192,Watch,Beauty,63,Female,4,129.09,516.36
2025-12-07 22:15:30.775646372,T-Shirt,Electronics,20,Female,3,280.25,840.75
2025-12-08 05:32:40.633861552,Sofa,Clothing,31,Female,1,42.73,42.73
2025-12-08 12:49:50.492076732,Sofa,Home,40,Male,5,159.43,797.15
2025-12-08 20:07:00.350291912,T-Shirt,Home,22,Female,5,364.27,1821.35
2025-12-09 03:24:10.208507088,Laptop,Beauty,60,Female,1,125.57,125.57
2025-12-09 10:41:20.066722268,T-Shirt,Home,23,Male,2,277.07,554.14
2025-12-09 17:58:29.924937448,T-Shirt,Sports,49,Male,5,191.59,957.95
2025-12-10 01:15:39.783152628,Skincare Kit,Sports,62,Female,2,150.61,301.22
2025-12-10 08:32:49.641367808,Laptop,Home,50,Female,5,413.27,2066.35
2025-12-10 15:49:59.499582988,Laptop,Electronics,54,Male,4,162.35,649.4
2025-12-10 23:07:09.357798164,Yoga Mat,Beauty,30,Male,5,115.66,578.3
2025-12-11 06:24:19.216013344,Laptop,Sports,57,Female,1,410.27,410.27
2025-12-11 13:41:29.074228524,Laptop,Clothing,38,Male,3,338.72,1016.16
2025-12-11 20:58:38.932443704,Laptop,Clothing,20,Male,3,310.63,931.89
2025-12-12 04:15:48.790658884,T-Shirt,Clothing,35,Female,5,33.7,168.5
2025-12-12 11:32:58.648874064,Headphones,Electronics,34,Female,2,69.47,138.94
2025-12-12 18:50:08.507089240,Watch,Home,43,Male,2,291.59,583.18
2025-12-13 02:07:18.365304420,Coffee Maker,Clothing,30,Male,1,103.73,103.73
2025-12-13 09:24:28.223519600,Headphones,Beauty,40,Male,4,110.83,443.32
2025-12-13 16:41:38.081734780,Laptop,Beauty,38,Male,5,353.26,1766.3
2025-12-13 23:58:47.939949960,Coffee Maker,Beauty,33,Female,1,137.24,137.24
2025-12-14 07:15:57.798165136,Laptop,Clothing,51,Male,2,43.36,86.72
2025-12-14 14:33:07.656380316,Jeans,Clothing,32,Male,2,27.96,55.92
2025-12-14 21:50:17.514595496,Running Shoes,Beauty,54,Male,5,206.11,1030.55
2025-12-15 05:07:27.372810676,Watch,Beauty,30,Female,3,282.3,846.9
2025-12-15 12:24:37.231025856,Skincare Kit,Clothing,59,Female,2,392.57,785.14
2025-12-15 19:41:47.089241036,Jeans,Sports,35,Female,2,60.53,121.06
2025-12-16 02:58:56.947456212,Running Shoes,Electronics,19,Male,3,98.14,294.42
2025-12-16 10:16:06.805671392,Headphones,Sports,25,Female,2,244.05,488.1
2025-12-16 17:33:16.663886572,Yoga Mat,Electronics,56,Male,1,171.48,171.48
2025-12-17 00:50:26.522101752,Coffee Maker,Electronics,59,Female,5,223.35,1116.75
2025-12-17 08:07:36.380316932,Running Shoes,Home,28,Female,3,416.77,1250.31
2025-12-17 15:24:46.238532112,Running Shoes,Electronics,46,Female,2,250.66,501.32
2025-12-17 22:41:56.096747288,Coffee Maker,Electronics,45,Male,4,193.82,775.28
2025-12-18 05:59:05.954962468,Skincare Kit,Electronics,24,Female,4,445.37,1781.48
2025-12-18 13:16:15.813177648,T-Shirt,Clothing,39,Female,1,40.56,40.56
2025-12-18 20:33:25.671392828,Running Shoes,Beauty,51,Female,1,420.27,420.27
2025-12-19 03:50:35.529608008,Laptop,Electronics,64,Male,1,231.73,231.73
2025-12-19 11:07:45.387823188,T-Shirt,Home,58,Female,4,232.65,930.6
2025-12-19 18:24:55.246038364,Running Shoes,Beauty,22,Female,4,415.82,1663.28
2025-12-20 01:42:05.104253544,Coffee Maker,Electronics,29,Male,4,234.21,936.84
2025-12-20 08:59:14.962468724,Coffee Maker,Electronics,38,Female,4,204.02,816.08
2025-12-20 16:16:24.820683904,Sofa,Sports,25,Male,3,131.35,394.05
2025-12-20 23:33:34.678899084,Running Shoes,Beauty,45,Female,3,300.56,901.68
2025-12-21 06:50:44.537114264,T-Shirt,Home,18,Female,4,261.5,1046.0
2025-12-21 14:07:54.395329440,Coffee Maker,Beauty,23,Male,2,105.88,211.76
2025-12-21 21:25:04.253544620,Sofa,Electronics,20,Male,5,322.72,1613.6
2025-12-22 04:42:14.111759800,Coffee Maker,Clothing,32,Female,5,294.11,1470.55
2025-12-22 11:59:23.969974980,Watch,Beauty,54,Male,5,186.03,930.15
2025-12-22 19:16:33.828190160,Jeans,Clothing,26,Male,5,13.93,69.65
2025-12-23 02:33:43.686405340,Skincare Kit,Beauty,65,Male,2,207.6,415.2
2025-12-23 09:50:53.544620516,Yoga Mat,Home,30,Female,1,14.65,14.65
2025-12-23 17:08:03.402835696,Jeans,Beauty,20,Female,3,44.85,134.55
2025-12-24 00:25:13.261050876,Jeans,Clothing,34,Female,4,200.61,802.44
2025-12-24 07:42:23.119266056,Watch,Clothing,53,Male,4,47.88,191.52
2025-12-24 14:59:32.977481236,Watch,Electronics,23,Male,2,132.74,265.48
2025-12-24 22:16:42.835696416,Laptop,Electronics,21,Female,2,299.11,598.22
2025-12-25 05:33:52.693911592,Watch,Beauty,58,Female,3,147.17,441.51
2025-12-25 12:51:02.552126772,Coffee Maker,Electronics,46,Female,5,448.97,2244.85
2025-12-25 20:08:12.410341952,Sofa,Electronics,34,Female,1,413.34,413.34
2025-12-26 03:25:22.268557132,Skincare Kit,Electronics,54,Female,2,268.37,536.74
2025-12-26 10:42:32.126772312,Coffee Maker,Electronics,58,Male,2,435.52,871.04
2025-12-26 17:59:41.984987488,Sofa,Beauty,35,Male,5,392.19,1960.95
2025-12-27 01:16:51.843202668,Running Shoes,Clothing,44,Female,3,151.68,455.04
2025-12-27 08:34:01.701417848,Jeans,Sports,18,Female,1,340.32,340.32
2025-12-27 15:51:11.559633028,Jeans,Electronics,32,Female,2,71.93,143.86
2025-12-27 23:08:21.417848208,Yoga Mat,Home,46,Female,1,311.83,311.83
2025-12-28 06:25:31.276063388,T-Shirt,Clothing,27,Male,3,227.09,681.27
2025-12-28 13:42:41.134278564,Sofa,Clothing,65,Male,5,19.37,96.85
2025-12-28 20:59:50.992493744,Yoga Mat,Sports,64,Female,3,132.11,396.33
2025-12-29 04:17:00.850708924,Headphones,Sports,30,Female,5,430.46,2152.3
2025-12-29 11:34:10.708924104,Sofa,Sports,37,Male,4,150.33,601.32
2025-12-29 18:51:20.567139284,Sofa,Electronics,27,Male,5,91.48,457.4
2025-12-30 02:08:30.425354464,Skincare Kit,Clothing,42,Female,2,94.14,188.28
2025-12-30 09:25:40.283569640,Headphones,Home,23,Female,5,221.9,1109.5
2025-12-30 16:42:50.141784820,Sofa,Clothing,36,Female,2,381.08,762.16
2025-12-31 00:00:00.000000000,Jeans,Beauty,44,Male,3,344.0,1032.0
