CustomerID,InvoiceDate,Quantity,UnitPrice
10473,2025-03-09,5,88.68
10313,2025-11-24,5,38.09
10343,2025-10-29,5,40.56
10449,2025-02-14,5,155.74
10290,2025-12-27,1,105.86
10388,2025-07-14,5,78.9
10417,2025-08-15,2,140.62
10113,2025-01-19,2,164.62
10028,2025-11-19,6,32.8
10151,2025-12-09,3,179.65
10143,2025-10-08,6,7.47
10437,2025-03-04,6,112.44
10457,2025-07-12,2,51.14
10003,2025-05-30,7,49.12
10250,2025-05-24,4,91.56
10411,2025-07-19,2,110.74
10066,2025-09-18,2,81.45
10399,2025-09-20,1,129.95
10060,2025-03-30,2,171.3
10234,2025-12-09,7,34.55
10409,2025-06-09,2,46.58
10152,2025-09-26,7,111.67
10171,2025-11-13,5,76.8
10140,2025-05-07,5,60.19
10360,2025-11-10,7,93.29
10128,2025-01-28,6,126.95
10496,2025-04-19,4,164.02
10223,2025-09-16,5,169.65
10240,2025-10-03,7,148.42
10253,2025-12-21,7,65.66
10292,2025-06-03,3,159.68
10277,2025-01-07,2,129.24
10255,2025-06-12,1,35.54
10498,2025-10-10,4,171.82
10404,2025-02-12,5,48.28
10397,2025-03-06,5,124.37
10351,2025-05-31,7,126.54
10312,2025-06-17,2,163.91
10171,2025-06-09,4,121.63
10495,2025-07-10,6,177.05
10234,2025-08-12,1,15.45
10108,2025-08-13,2,11.56
10423,2025-05-31,6,39.23
10081,2025-12-28,5,105.67
10429,2025-06-28,2,79.18
10307,2025-09-08,6,19.44
10058,2025-09-01,7,40.35
10022,2025-05-24,3,106.37
10223,2025-08-22,3,75.43
10018,2025-09-18,7,138.6
10071,2025-06-25,2,86.72
10258,2025-06-20,5,158.6
10486,2025-08-07,3,137.78
10234,2025-05-31,6,91.53
10405,2025-10-04,5,67.65
10459,2025-05-14,1,42.42
10412,2025-02-04,1,56.11
10315,2025-06-30,1,67.14
10221,2025-11-26,7,68.22
10258,2025-04-13,5,36.33
10134,2025-04-24,3,87.81
10249,2025-03-30,7,24.57
10190,2025-12-06,3,157.0
10124,2025-02-24,5,101.31
10497,2025-06-11,4,21.64
10006,2025-06-10,7,62.37
10049,2025-07-25,4,49.67
10097,2025-04-18,1,32.33
10485,2025-10-06,3,89.11
10347,2025-11-02,7,37.07
10441,2025-06-09,3,31.54
10101,2025-11-06,7,127.9
10361,2025-02-14,1,80.18
10185,2025-05-06,5,122.61
10245,2025-11-20,2,87.25
10002,2025-08-14,4,93.2
10309,2025-03-04,4,59.37
10416,2025-11-26,5,79.61
10332,2025-11-17,6,89.16
10078,2025-05-12,2,64.92
10267,2025-03-10,5,149.59
10134,2025-07-22,5,48.1
10483,2025-08-02,1,43.59
10441,2025-06-11,5,65.24
10094,2025-09-18,7,142.41
10255,2025-08-26,4,153.32
10470,2025-10-14,2,103.88
10424,2025-12-17,2,68.12
10354,2025-10-02,6,118.54
10320,2025-02-20,1,149.63
10022,2025-01-03,2,47.51
10371,2025-12-19,2,121.82
10237,2025-10-22,2,129.23
10046,2025-08-31,6,73.29
10123,2025-04-03,1,30.34
10271,2025-10-18,2,111.3
10364,2025-02-09,7,41.78
10254,2025-08-20,1,69.4
10307,2025-05-18,3,100.29
10436,2025-11-14,2,173.47
10344,2025-09-06,6,30.64
10181,2025-04-30,4,17.9
10322,2025-10-16,2,99.3
10300,2025-09-16,5,170.04
10055,2025-04-02,7,13.09
10030,2025-04-07,7,117.37
10331,2025-05-22,7,9.77
10194,2025-07-05,6,101.43
10300,2025-04-12,7,25.85
10162,2025-09-06,7,120.35
10113,2025-07-11,5,68.17
10076,2025-03-15,7,119.55
10191,2025-09-14,3,50.19
10409,2025-01-23,4,18.11
10201,2025-12-06,3,36.83
10190,2025-10-16,1,52.94
10288,2025-02-03,1,33.83
10490,2025-10-23,7,39.73
10197,2025-05-02,5,100.23
10295,2025-08-31,2,81.59
10220,2025-03-28,3,149.43
10303,2025-04-28,5,92.09
10223,2025-01-06,1,99.41
10319,2025-08-29,2,129.27
10274,2025-08-04,1,154.35
10339,2025-01-31,6,107.32
10479,2025-04-11,3,11.44
10076,2025-08-30,2,85.36
10281,2025-10-19,2,10.65
10221,2025-07-30,3,110.85
10179,2025-03-01,5,16.38
10120,2025-08-14,2,99.43
10027,2025-03-23,2,31.24
10202,2025-06-13,7,154.72
10414,2025-06-24,1,21.5
10049,2025-03-24,5,120.4
10204,2025-10-25,1,128.17
10484,2025-09-22,5,53.16
10476,2025-02-10,2,108.74
10108,2025-06-19,3,62.74
10004,2025-02-11,4,50.32
10336,2025-09-30,2,50.44
10008,2025-05-21,6,7.77
10151,2025-05-13,7,122.76
10249,2025-03-31,3,17.57
10438,2025-02-02,6,39.48
10047,2025-02-19,6,20.22
10332,2025-07-17,6,145.75
10267,2025-09-22,6,97.66
10066,2025-08-16,7,86.79
10423,2025-03-24,2,107.08
10423,2025-12-03,4,146.45
10242,2025-08-26,7,114.21
10473,2025-11-21,2,94.82
10304,2025-01-02,3,59.8
10452,2025-01-21,5,95.43
10481,2025-01-22,1,177.77
10285,2025-10-09,3,104.73
10141,2025-05-14,3,88.51
10073,2025-04-06,4,160.45
10282,2025-08-06,4,14.54
10097,2025-09-12,4,16.07
10376,2025-06-13,6,143.14
10464,2025-05-19,4,169.88
10123,2025-05-22,6,13.91
10277,2025-04-28,7,9.21
10025,2025-05-19,4,6.71
10091,2025-06-28,6,105.97
10189,2025-04-30,4,29.11
10443,2025-07-13,3,103.23
10485,2025-08-25,1,121.16
10321,2025-09-11,6,7.72
10292,2025-01-04,1,157.27
10285,2025-08-21,7,49.2
10031,2025-04-26,2,101.95
10189,2025-09-05,6,66.9
10492,2025-12-17,7,65.07
10206,2025-05-21,4,75.59
10107,2025-02-10,6,5.65
10120,2025-09-05,7,80.04
10357,2025-05-01,6,51.38
10020,2025-05-07,4,67.55
10485,2025-08-13,7,33.51
10439,2025-08-10,1,63.6
10284,2025-01-10,1,127.4
10234,2025-06-17,2,177.16
10381,2025-05-19,7,39.5
10274,2025-07-25,5,156.67
10239,2025-08-17,2,112.58
10162,2025-01-07,3,22.68
10224,2025-01-23,1,7.57
10376,2025-07-02,3,159.7
10028,2025-11-03,5,45.96
10013,2025-03-22,3,23.59
10361,2025-02-12,4,119.72
10187,2025-05-21,2,128.66
10402,2025-04-08,1,161.64
10016,2025-01-27,1,92.56
10454,2025-12-05,5,59.59
10062,2025-08-28,1,60.69
10208,2025-10-17,2,40.83
10484,2025-11-23,5,116.17
10055,2025-08-20,6,169.9
10329,2025-05-10,3,19.82
10364,2025-01-01,4,72.66
10215,2025-02-08,4,66.57
10040,2025-04-25,6,19.04
10262,2025-08-15,7,109.09
10217,2025-08-29,6,177.03
10437,2025-02-16,5,53.42
10342,2025-04-05,6,132.24
10173,2025-11-22,6,162.6
10030,2025-04-17,6,52.36
10296,2025-02-14,6,165.82
10140,2025-03-31,6,135.97
10342,2025-05-13,7,117.99
10432,2025-07-01,3,38.97
10178,2025-06-30,1,53.55
10452,2025-02-08,4,22.77
10260,2025-02-13,3,161.75
10266,2025-03-17,1,146.57
10383,2025-04-27,7,20.15
10395,2025-12-19,7,97.93
10455,2025-04-11,4,42.29
10500,2025-05-10,6,138.98
10076,2025-09-18,7,105.3
10207,2025-05-04,4,170.44
10467,2025-12-26,2,132.25
10154,2025-06-27,1,22.62
10003,2025-05-13,1,70.24
10289,2025-10-09,1,105.85
10377,2025-10-16,7,164.57
10372,2025-08-30,5,69.92
10406,2025-02-21,3,37.88
10322,2025-04-18,7,54.58
10069,2025-07-31,4,48.43
10424,2025-05-15,3,32.04
10210,2025-06-07,7,65.18
10424,2025-04-14,6,48.58
10408,2025-04-16,2,94.33
10486,2025-06-26,5,161.49
10008,2025-10-27,7,172.01
10434,2025-05-14,3,32.9
10315,2025-09-30,3,104.65
10243,2025-12-25,4,122.92
10397,2025-02-18,2,31.69
10477,2025-12-04,7,98.06
10257,2025-04-17,2,40.01
10044,2025-02-05,6,68.71
10363,2025-10-27,4,61.69
10116,2025-01-03,5,147.62
10114,2025-12-29,4,45.97
10097,2025-03-17,5,99.52
10100,2025-08-12,7,107.48
10455,2025-04-02,4,62.73
10182,2025-11-15,1,167.65
10054,2025-09-15,6,63.12
10090,2025-12-26,1,62.08
10198,2025-10-16,4,126.21
10174,2025-09-28,2,90.36
10156,2025-12-11,6,131.84
10475,2025-08-24,5,31.75
10434,2025-03-19,5,30.91
10287,2025-03-22,6,133.81
10494,2025-08-28,2,72.99
10171,2025-05-16,4,155.0
10069,2025-10-04,2,45.86
10136,2025-08-16,5,47.04
10045,2025-01-15,3,156.07
10477,2025-12-05,5,68.3
10110,2025-12-22,5,24.22
10223,2025-04-21,1,43.55
10102,2025-04-14,2,139.67
10491,2025-05-25,2,51.45
10080,2025-10-24,3,102.26
10258,2025-01-09,7,151.06
10476,2025-03-07,4,111.82
10261,2025-09-12,3,136.72
10450,2025-06-02,6,175.96
10449,2025-06-11,7,57.36
10384,2025-12-09,3,158.34
10372,2025-10-19,4,101.44
10289,2025-02-10,1,40.25
10291,2025-03-27,2,28.1
10416,2025-04-06,4,62.38
10214,2025-08-29,1,29.09
10473,2025-06-06,6,140.05
10440,2025-09-03,2,102.55
10188,2025-03-24,4,12.74
10206,2025-06-19,3,158.7
10358,2025-05-14,2,109.3
10462,2025-03-10,4,82.5
10049,2025-03-16,5,29.66
10035,2025-05-28,4,87.22
10125,2025-09-05,5,165.53
10215,2025-09-29,4,107.27
10082,2025-10-10,6,85.36
10260,2025-03-11,4,111.42
10271,2025-07-31,5,101.35
10476,2025-02-02,1,114.14
10373,2025-02-18,2,39.82
10126,2025-06-18,2,31.02
10394,2025-09-13,5,7.19
10404,2025-03-27,7,150.57
10340,2025-03-04,1,5.57
10339,2025-10-20,1,49.82
10156,2025-08-07,5,107.43
10359,2025-10-26,6,92.47
10068,2025-02-01,7,162.76
10315,2025-12-12,4,42.31
10461,2025-10-22,6,24.95
10486,2025-11-03,5,33.07
10150,2025-02-07,1,92.12
10167,2025-08-25,3,55.97
10310,2025-07-17,5,84.69
10200,2025-03-10,3,125.38
10366,2025-12-01,5,61.24
10102,2025-10-28,4,121.4
10085,2025-10-30,5,8.44
10026,2025-09-23,7,100.58
10235,2025-03-06,7,163.78
10107,2025-09-30,3,168.48
10150,2025-06-18,4,105.06
10458,2025-09-12,1,177.04
10408,2025-08-06,6,46.19
10421,2025-10-30,1,57.08
10297,2025-07-09,4,83.42
10057,2025-04-19,7,94.06
10374,2025-08-30,7,148.41
10302,2025-09-03,3,83.29
10455,2025-04-17,7,13.41
10240,2025-07-08,1,127.48
10087,2025-08-31,6,43.97
10298,2025-05-04,5,159.41
10229,2025-03-04,6,42.1
10330,2025-04-30,6,56.75
10188,2025-11-01,4,29.02
10154,2025-02-26,5,57.95
10063,2025-05-24,6,110.17
10481,2025-06-29,2,51.78
10378,2025-10-18,5,13.48
10233,2025-05-15,3,107.61
10118,2025-12-29,3,133.61
10315,2025-06-03,2,24.06
10207,2025-06-18,4,79.24
10318,2025-11-07,1,16.95
10046,2025-06-14,5,7.96
10092,2025-09-06,7,70.54
10368,2025-05-09,4,55.14
10031,2025-09-06,4,158.17
10339,2025-08-06,4,7.36
10206,2025-12-26,1,118.12
10002,2025-05-26,4,133.39
10383,2025-03-21,7,77.98
10350,2025-02-20,7,92.63
10408,2025-07-05,7,48.25
10448,2025-07-02,2,49.17
10365,2025-02-03,6,14.27
10421,2025-01-05,4,163.5
10057,2025-05-24,2,10.02
10460,2025-01-13,6,28.99
10457,2025-12-13,2,131.75
10348,2025-10-16,4,85.08
10402,2025-02-01,4,94.6
10371,2025-10-12,4,56.53
10439,2025-10-04,5,33.2
10445,2025-09-22,1,144.85
10262,2025-11-12,7,26.66
10409,2025-09-15,2,56.77
10458,2025-07-05,7,136.58
10149,2025-09-22,7,57.17
10024,2025-10-19,7,171.49
10086,2025-08-01,3,35.67
10016,2025-06-10,3,97.33
10218,2025-07-29,6,99.16
10011,2025-05-09,5,92.59
10130,2025-05-28,7,140.52
10127,2025-07-04,1,13.07
10354,2025-10-01,5,100.53
10125,2025-03-13,4,143.21
10475,2025-06-07,7,13.87
10094,2025-04-23,1,100.6
10486,2025-02-26,4,82.12
10284,2025-04-22,1,75.81
10122,2025-04-21,6,99.1
10020,2025-12-27,1,114.32
10153,2025-05-22,7,128.13
10296,2025-05-03,3,162.19
10055,2025-05-25,4,119.9
10084,2025-03-25,3,179.82
10058,2025-11-30,3,121.35
10339,2025-12-10,5,52.1
10045,2025-05-24,3,30.76
10011,2025-02-20,1,17.41
10228,2025-01-07,2,51.94
10156,2025-12-19,1,25.85
10286,2025-10-31,7,124.6
10470,2025-11-08,5,125.66
10429,2025-08-02,7,112.11
10270,2025-08-25,5,71.99
10322,2025-10-08,5,86.18
10406,2025-06-06,5,50.4
10219,2025-10-29,7,165.76
10330,2025-03-13,6,7.78
10109,2025-06-12,4,61.1
10306,2025-02-08,5,105.24
10119,2025-10-10,3,36.61
10096,2025-02-07,4,154.5
10381,2025-07-03,1,89.08
10288,2025-05-08,6,69.85
10189,2025-12-29,1,15.99
10020,2025-05-29,1,54.21
10119,2025-02-21,2,108.19
10401,2025-12-04,2,54.21
10235,2025-07-21,6,12.9
10481,2025-07-15,6,106.42
10451,2025-08-20,2,58.19
10428,2025-12-28,2,153.12
10008,2025-01-10,3,126.06
10026,2025-09-21,4,131.26
10290,2025-06-15,5,160.78
10170,2025-02-23,2,146.75
10421,2025-11-27,5,62.62
10160,2025-07-22,4,104.58
10077,2025-11-30,1,50.3
10057,2025-02-28,6,40.27
10151,2025-09-04,3,41.03
10314,2025-01-15,5,24.43
10064,2025-12-26,2,46.83
10399,2025-12-11,4,44.32
10152,2025-11-19,5,122.7
10157,2025-05-04,2,49.01
10332,2025-09-12,1,13.17
10432,2025-03-11,6,78.78
10218,2025-11-03,1,40.17
10399,2025-02-07,5,125.64
10153,2025-09-26,5,43.8
10065,2025-08-27,4,102.47
10415,2025-04-18,2,35.8
10384,2025-06-18,7,89.37
10376,2025-06-23,3,156.76
10442,2025-01-05,5,58.08
10250,2025-01-20,6,97.26
10099,2025-09-19,7,81.76
10293,2025-09-08,6,17.25
10287,2025-04-04,5,8.62
10194,2025-06-13,7,152.43
10320,2025-10-12,7,64.56
10132,2025-09-05,1,125.06
10305,2025-06-28,4,77.22
10397,2025-11-12,3,151.7
10049,2025-07-15,5,39.13
10227,2025-01-02,1,89.67
10331,2025-06-16,6,100.97
10026,2025-03-30,7,143.88
10316,2025-09-04,1,10.15
10457,2025-02-08,6,68.43
10412,2025-12-28,4,88.16
10343,2025-08-10,7,108.05
10402,2025-10-19,5,29.76
10181,2025-06-18,7,100.13
10164,2025-01-26,1,126.35
10042,2025-06-09,5,133.28
10362,2025-06-30,6,44.26
10158,2025-06-02,1,82.14
10434,2025-03-27,6,57.14
10233,2025-03-17,6,72.84
10447,2025-02-07,7,68.53
10070,2025-07-01,4,170.4
10081,2025-03-13,3,7.34
10174,2025-08-17,6,170.85
10014,2025-04-01,4,10.79
10246,2025-06-08,3,18.64
10326,2025-12-17,7,41.05
10331,2025-07-11,6,55.2
10108,2025-09-29,3,155.1
10083,2025-09-06,1,152.2
10282,2025-11-08,6,168.54
10317,2025-01-21,2,73.2
10473,2025-09-13,3,7.77
10448,2025-03-28,1,114.52
10190,2025-04-26,3,162.36
10081,2025-11-27,7,23.8
10127,2025-05-23,2,149.86
10441,2025-07-08,1,5.31
10229,2025-06-10,2,133.16
10497,2025-02-09,2,91.32
10329,2025-04-18,4,163.95
10298,2025-02-25,2,158.12
10051,2025-06-03,2,13.14
10296,2025-01-01,2,92.18
10191,2025-10-09,6,47.36
10422,2025-07-15,2,81.89
10067,2025-01-28,7,16.6
10096,2025-12-28,6,68.1
10332,2025-04-11,1,76.49
10341,2025-05-08,3,5.68
10416,2025-06-24,1,88.04
10263,2025-07-15,2,161.56
10189,2025-09-04,1,15.63
10153,2025-07-14,3,170.33
10186,2025-08-24,7,90.63
10332,2025-04-24,7,41.85
10270,2025-09-22,1,174.59
10148,2025-11-08,3,87.87
10108,2025-02-08,5,81.46
10356,2025-02-13,6,70.88
10124,2025-03-07,3,159.23
10105,2025-05-01,4,27.74
10165,2025-04-23,2,41.83
10427,2025-10-12,4,54.56
10229,2025-04-13,2,15.92
10298,2025-11-20,2,152.71
10041,2025-10-03,5,90.51
10173,2025-12-10,2,110.28
10377,2025-12-29,1,159.96
10387,2025-01-26,4,91.58
10290,2025-09-07,7,53.35
10439,2025-11-13,3,97.97
10150,2025-01-13,4,92.54
10083,2025-03-02,2,57.29
10039,2025-04-19,2,45.56
10100,2025-03-17,2,67.61
10382,2025-10-21,2,133.63
10452,2025-02-18,5,33.93
10066,2025-12-04,5,179.31
10251,2025-05-11,3,46.17
10067,2025-08-06,5,52.71
10423,2025-05-30,3,26.5
10066,2025-05-08,3,73.58
10321,2025-11-12,2,70.07
10041,2025-05-10,3,124.32
10370,2025-12-24,3,161.81
10454,2025-08-20,4,48.38
10366,2025-05-12,6,146.64
10135,2025-11-12,7,58.95
10421,2025-04-12,2,76.18
10154,2025-05-05,4,27.45
10377,2025-11-21,1,161.23
10417,2025-03-11,6,70.33
10243,2025-11-19,3,127.65
10310,2025-01-02,5,9.63
10428,2025-01-04,7,127.0
10094,2025-02-20,4,44.6
10010,2025-08-13,7,84.01
10218,2025-11-07,4,122.91
10091,2025-11-05,7,34.88
10442,2025-08-16,5,97.26
10434,2025-08-22,5,151.25
10188,2025-12-28,4,33.6
10155,2025-12-13,7,86.83
10356,2025-01-26,6,37.21
10227,2025-07-24,5,30.08
10049,2025-05-14,2,90.75
10332,2025-02-19,6,84.92
10364,2025-10-18,3,117.67
10036,2025-07-17,1,155.12
10389,2025-08-30,7,128.65
10267,2025-07-08,5,63.86
10413,2025-01-25,3,90.07
10426,2025-11-13,4,122.91
10338,2025-05-27,6,151.78
10167,2025-03-22,2,124.48
10186,2025-08-21,7,92.95
10363,2025-04-21,1,28.36
10033,2025-09-09,5,156.95
10116,2025-07-06,6,54.24
10260,2025-06-14,1,75.89
10472,2025-02-06,2,159.8
10379,2025-03-10,6,41.28
10408,2025-11-12,5,164.92
10096,2025-12-19,5,45.09
10141,2025-07-21,5,20.26
10134,2025-06-20,3,94.88
10375,2025-03-07,1,144.18
10269,2025-09-19,7,75.42
10106,2025-08-25,1,152.48
10375,2025-07-15,4,74.36
10320,2025-04-08,7,147.64
10449,2025-01-30,1,24.73
10280,2025-12-20,6,54.59
10063,2025-03-28,1,26.43
10445,2025-08-27,1,134.43
10093,2025-01-24,2,87.18
10028,2025-09-07,3,119.73
10400,2025-03-11,5,46.72
10226,2025-09-13,3,133.57
10323,2025-03-15,6,178.74
10065,2025-06-30,1,18.84
10361,2025-06-01,1,60.79
10203,2025-07-07,2,157.15
10499,2025-04-28,1,154.04
10318,2025-05-04,2,157.61
10470,2025-05-13,5,44.65
10397,2025-08-21,5,103.55
10422,2025-10-26,3,20.06
10044,2025-05-14,3,80.43
10389,2025-01-08,4,105.82
10302,2025-03-13,4,50.25
10198,2025-02-07,6,78.87
10157,2025-08-18,2,69.08
10321,2025-10-22,7,19.81
10099,2025-03-19,3,16.99
10093,2025-07-14,7,141.69
10438,2025-06-24,3,5.51
10380,2025-06-10,6,177.57
10296,2025-11-20,4,161.99
10379,2025-04-08,1,177.78
10162,2025-08-16,1,142.48
10361,2025-07-17,2,5.43
10103,2025-11-16,5,25.29
10223,2025-03-22,5,60.77
10074,2025-12-07,2,36.74
10190,2025-11-10,7,15.58
10171,2025-06-13,3,165.47
10210,2025-10-28,1,164.29
10239,2025-08-25,4,139.23
10017,2025-04-28,4,49.28
10172,2025-11-08,1,154.16
10423,2025-01-09,3,148.36
10217,2025-02-20,5,61.64
10272,2025-11-20,3,27.34
10052,2025-10-17,3,28.73
10194,2025-04-20,2,76.57
10485,2025-12-26,3,150.62
10275,2025-08-28,2,18.36
10011,2025-03-30,2,80.2
10361,2025-11-10,2,67.05
10385,2025-12-28,1,161.17
10191,2025-10-19,1,31.77
10016,2025-08-17,3,119.73
10416,2025-11-11,4,61.52
10127,2025-10-22,1,118.14
10460,2025-06-28,4,148.89
10182,2025-10-04,5,149.31
10194,2025-11-04,5,152.97
10397,2025-01-13,4,56.21
10069,2025-06-18,5,53.28
10015,2025-12-08,4,26.47
10381,2025-04-07,7,49.68
10463,2025-08-13,6,25.89
10497,2025-06-25,3,142.2
10065,2025-08-03,1,13.28
10074,2025-05-03,7,38.55
10170,2025-08-21,1,143.28
10357,2025-10-08,3,139.48
10457,2025-09-27,2,175.36
10413,2025-10-31,5,72.13
10188,2025-04-03,1,12.89
10461,2025-02-21,6,146.43
10129,2025-07-17,5,55.1
10062,2025-03-02,3,140.3
10218,2025-08-18,1,8.39
10046,2025-05-21,4,11.09
10340,2025-09-20,4,109.67
10494,2025-06-19,5,124.72
10054,2025-07-25,3,103.35
10059,2025-12-16,1,98.14
10090,2025-08-18,2,109.5
10089,2025-12-10,4,27.91
10268,2025-03-30,2,16.13
10288,2025-12-19,1,66.15
10476,2025-03-20,3,100.86
10224,2025-09-24,2,48.55
10464,2025-01-17,3,36.33
10376,2025-09-05,5,83.12
10428,2025-11-18,2,76.7
10096,2025-04-09,7,52.02
10228,2025-02-27,1,167.23
10458,2025-05-17,7,170.02
10376,2025-01-25,3,13.19
10109,2025-01-01,2,89.01
10423,2025-06-06,5,46.61
10385,2025-11-01,2,63.82
10074,2025-05-28,5,9.98
10034,2025-04-11,4,19.01
10130,2025-03-23,6,10.87
10237,2025-01-29,4,26.99
10077,2025-05-24,2,118.62
10017,2025-04-26,3,18.71
10056,2025-06-13,1,160.04
10157,2025-04-28,6,145.46
10195,2025-08-04,2,52.12
10157,2025-09-22,5,126.01
10224,2025-01-05,3,171.59
10360,2025-01-03,4,25.34
10124,2025-04-12,3,103.01
10228,2025-03-25,5,86.47
10365,2025-02-02,6,59.31
10029,2025-11-24,5,55.39
10470,2025-02-02,4,20.14
10498,2025-11-09,5,118.24
10146,2025-01-25,4,39.6
10445,2025-08-18,7,78.98
10127,2025-05-20,1,167.42
10459,2025-07-24,7,65.95
10331,2025-07-10,2,60.33
10124,2025-03-23,7,168.18
10031,2025-02-07,5,107.13
10198,2025-11-16,7,104.84
10373,2025-09-24,1,43.92
10114,2025-10-05,1,117.21
10258,2025-08-14,1,71.36
10063,2025-07-07,4,100.17
10213,2025-11-07,1,74.59
10017,2025-02-28,6,19.19
10494,2025-08-10,7,158.59
10252,2025-03-20,3,126.06
10422,2025-08-26,2,172.69
10062,2025-05-19,5,58.63
10084,2025-06-05,7,54.25
10089,2025-05-01,1,28.74
10285,2025-08-06,4,58.5
10431,2025-01-23,2,61.89
10304,2025-10-09,4,37.19
10243,2025-05-29,3,51.3
10472,2025-12-24,3,56.45
10092,2025-06-13,1,155.14
10083,2025-02-14,7,83.1
10335,2025-04-15,3,148.47
10428,2025-06-17,7,13.71
10133,2025-05-21,2,37.98
10131,2025-04-07,6,171.73
10264,2025-05-02,7,13.8
10390,2025-09-25,6,17.16
10142,2025-05-18,3,95.65
10413,2025-02-26,5,55.72
10259,2025-08-14,3,38.98
10353,2025-09-27,7,111.53
10315,2025-07-01,6,111.59
10241,2025-09-22,3,37.91
10269,2025-03-14,4,99.34
10498,2025-02-22,7,84.59
10198,2025-10-18,1,153.14
10473,2025-10-16,2,16.98
10396,2025-07-07,2,45.79
10092,2025-06-27,1,103.88
10437,2025-06-17,5,10.84
10192,2025-03-22,5,153.0
10090,2025-09-18,2,174.44
10127,2025-05-20,6,62.45
10069,2025-10-02,2,140.58
10170,2025-06-11,7,48.59
10057,2025-11-06,5,170.91
10273,2025-11-06,4,42.05
10490,2025-10-24,4,6.03
10483,2025-04-09,2,16.95
10471,2025-09-02,2,85.27
10122,2025-10-03,3,11.71
10116,2025-09-21,4,176.57
10340,2025-11-17,4,115.45
10485,2025-02-27,5,104.55
10414,2025-08-28,6,114.59
10104,2025-09-13,1,78.18
10369,2025-05-11,6,160.01
10254,2025-04-03,2,129.75
10222,2025-07-26,1,80.31
10249,2025-04-05,3,54.71
10273,2025-08-03,6,30.27
10458,2025-02-13,7,60.16
10397,2025-05-25,6,66.8
10021,2025-05-25,1,19.08
10382,2025-09-25,1,166.87
10158,2025-01-08,3,50.15
10169,2025-05-13,1,99.51
10300,2025-08-28,2,16.57
10493,2025-07-01,2,101.61
10034,2025-10-01,5,118.05
10257,2025-11-14,5,18.96
10119,2025-10-11,6,175.73
10457,2025-05-03,1,33.55
10233,2025-02-17,1,51.01
10428,2025-02-01,6,133.89
10441,2025-08-22,7,63.93
10051,2025-02-16,5,158.42
10381,2025-11-02,5,46.69
10396,2025-07-31,7,59.94
10415,2025-01-14,2,126.15
10494,2025-10-16,6,155.5
10381,2025-03-12,7,159.67
10417,2025-12-29,7,55.42
10354,2025-04-08,3,97.92
10148,2025-07-20,1,76.91
10425,2025-06-18,6,123.31
10351,2025-05-09,1,44.8
10341,2025-03-04,1,151.84
10487,2025-01-23,5,129.83
10368,2025-07-16,4,35.61
10170,2025-12-25,6,59.96
10151,2025-05-06,4,63.83
10164,2025-04-20,2,167.75
10084,2025-08-28,7,84.82
10041,2025-12-31,4,112.85
10379,2025-07-13,6,167.87
10392,2025-12-20,5,74.41
10083,2025-09-08,4,170.58
10198,2025-10-19,2,56.12
10460,2025-03-31,1,7.23
10419,2025-07-21,1,22.96
10299,2025-09-16,4,126.16
10486,2025-05-13,4,71.73
10165,2025-09-26,3,150.87
10423,2025-05-22,6,98.27
10469,2025-09-21,7,124.99
10297,2025-06-15,1,66.7
10078,2025-01-25,5,107.77
10147,2025-02-05,6,127.16
10258,2025-12-12,3,70.94
10140,2025-08-21,3,90.89
10046,2025-07-30,3,152.63
10086,2025-10-09,3,167.62
10483,2025-04-10,6,66.31
10192,2025-05-14,7,16.73
10288,2025-06-08,1,152.38
10220,2025-08-29,1,83.27
10402,2025-07-08,6,174.63
10051,2025-04-10,1,138.49
10141,2025-07-08,5,69.41
10293,2025-05-17,1,153.8
10401,2025-04-01,4,100.86
10231,2025-03-12,1,129.85
10352,2025-04-07,5,159.87
10401,2025-07-16,4,106.53
10322,2025-05-13,3,170.79
10410,2025-06-04,5,74.71
10476,2025-10-13,2,71.28
10110,2025-09-11,5,117.04
10217,2025-06-09,3,75.87
10114,2025-07-29,3,128.8
10208,2025-01-15,1,97.97
10002,2025-05-30,6,134.92
10347,2025-06-15,1,149.51
10118,2025-04-19,3,104.3
10418,2025-03-15,4,165.02
10360,2025-09-28,6,141.7
10168,2025-01-05,6,154.99
10227,2025-12-23,1,8.41
10335,2025-12-23,2,7.7
10209,2025-08-17,3,116.06
10105,2025-04-18,4,63.27
10022,2025-04-18,1,157.77
10276,2025-07-16,7,73.56
10267,2025-09-02,2,135.18
10385,2025-05-11,6,48.06
10065,2025-06-10,6,115.16
10033,2025-01-20,7,162.61
10369,2025-11-20,7,155.87
10364,2025-11-25,5,69.13
10400,2025-04-06,3,89.32
10008,2025-12-08,5,98.7
10328,2025-11-06,2,65.29
10480,2025-03-10,5,89.69
10382,2025-02-25,2,173.8
10235,2025-06-02,5,158.97
10238,2025-09-10,6,60.04
10205,2025-05-17,4,124.69
10028,2025-09-25,6,170.98
10361,2025-03-03,3,68.37
10270,2025-12-05,4,153.49
10262,2025-08-30,2,144.54
10467,2025-04-02,3,160.18
10366,2025-10-13,1,19.76
10480,2025-05-30,7,166.52
10043,2025-10-05,3,176.68
10476,2025-09-14,5,47.24
10282,2025-09-04,6,115.79
10202,2025-02-14,5,20.77
10280,2025-01-07,4,110.41
10019,2025-09-13,6,129.0
10467,2025-03-25,2,135.48
10315,2025-01-25,1,154.95
10020,2025-07-07,6,56.35
10457,2025-12-08,7,25.29
10227,2025-09-14,1,147.97
10060,2025-04-20,4,9.5
10316,2025-05-22,7,45.8
10035,2025-09-12,4,46.46
10276,2025-06-13,5,140.65
10381,2025-07-23,3,82.37
10038,2025-11-03,4,151.61
10396,2025-01-21,3,121.88
10297,2025-01-09,3,152.51
10163,2025-11-21,6,142.57
10112,2025-04-09,6,159.01
10006,2025-10-28,2,53.32
10098,2025-04-16,1,67.21
10143,2025-11-06,7,114.97
10440,2025-12-29,1,107.01
10257,2025-12-03,4,141.11
10099,2025-03-25,4,146.5
10372,2025-07-08,5,58.37
10228,2025-01-18,3,26.17
10418,2025-04-08,1,134.73
10376,2025-06-02,3,125.26
10467,2025-01-14,7,53.46
10354,2025-08-26,4,14.97
10055,2025-03-12,4,9.05
10277,2025-02-25,1,48.44
10213,2025-08-26,7,52.87
10404,2025-11-03,7,41.29
10077,2025-12-30,1,13.85
10233,2025-03-13,5,34.82
10413,2025-10-11,6,66.24
10311,2025-09-15,1,21.15
10020,2025-10-24,3,41.15
10410,2025-03-01,6,81.66
10184,2025-06-24,7,153.41
10340,2025-11-18,4,157.52
10327,2025-07-29,3,75.88
10321,2025-03-15,5,27.04
10209,2025-01-01,3,52.11
10204,2025-09-24,6,123.09
10051,2025-01-25,1,76.28
10280,2025-11-03,7,104.81
10146,2025-08-29,2,133.94
10199,2025-04-04,1,120.29
10084,2025-03-19,1,155.4
10373,2025-02-03,7,19.99
10462,2025-05-04,7,56.96
10191,2025-08-02,4,10.97
10212,2025-04-22,6,96.2
10234,2025-07-02,2,112.57
10037,2025-08-18,7,49.44
10378,2025-06-24,3,14.71
10441,2025-04-02,5,86.17
10252,2025-10-13,3,34.35
10031,2025-09-20,1,39.04
10170,2025-06-19,7,71.73
10079,2025-03-07,6,170.39
10414,2025-07-01,4,68.01
10401,2025-05-12,7,129.12
10191,2025-06-27,1,70.18
10189,2025-02-15,4,75.92
10423,2025-06-15,6,29.52
10045,2025-01-19,3,37.3
10393,2025-05-29,4,139.86
10482,2025-09-13,2,80.12
10224,2025-02-28,6,54.92
10378,2025-02-16,2,177.74
10357,2025-04-18,1,158.68
10449,2025-11-27,2,51.26
10018,2025-04-07,7,81.0
10353,2025-12-10,4,104.21
10195,2025-04-01,7,34.08
10430,2025-01-21,4,79.77
10431,2025-10-13,1,54.71
10144,2025-02-13,6,146.8
10290,2025-02-11,4,21.55
10247,2025-07-14,1,178.5
10279,2025-03-16,1,46.22
10416,2025-08-09,1,62.95
10333,2025-07-12,4,18.23
10379,2025-09-18,5,164.75
10339,2025-04-25,1,149.92
10126,2025-04-13,5,16.83
10292,2025-03-29,7,97.43
10190,2025-10-01,7,73.35
10211,2025-05-17,2,111.06
10056,2025-11-08,2,63.78
10092,2025-07-03,5,172.35
10172,2025-10-17,6,43.15
10147,2025-09-04,5,148.54
10319,2025-09-10,5,51.84
10147,2025-12-21,3,118.66
10124,2025-06-15,7,79.86
10216,2025-11-08,2,97.03
10285,2025-10-28,5,96.35
10500,2025-06-06,7,114.55
10256,2025-09-12,5,16.9
10177,2025-06-14,1,15.4
10161,2025-09-01,2,174.9
10224,2025-06-01,2,49.29
10464,2025-06-29,7,67.44
10186,2025-03-29,3,46.95
10124,2025-08-21,2,117.99
10291,2025-12-14,5,177.18
10387,2025-05-10,4,75.47
10474,2025-01-26,3,61.23
10141,2025-09-16,1,66.16
10445,2025-03-16,1,9.74
10428,2025-09-12,3,20.72
10189,2025-08-30,4,13.41
10168,2025-12-13,1,61.68
10134,2025-08-04,6,177.27
10159,2025-02-13,2,29.72
10443,2025-04-12,5,101.06
10156,2025-04-10,5,41.25
10247,2025-12-08,4,11.44
10468,2025-11-10,5,151.48
10343,2025-05-30,3,27.27
10066,2025-11-17,2,28.65
10037,2025-08-06,1,148.01
10112,2025-04-25,4,47.65
10434,2025-02-03,4,39.81
10114,2025-11-30,1,170.06
10157,2025-11-22,5,39.01
10271,2025-09-30,2,150.54
10248,2025-02-07,4,58.68
10038,2025-07-23,4,103.99
10100,2025-05-24,7,59.43
10498,2025-09-07,5,64.36
10211,2025-11-20,2,168.15
10139,2025-07-15,3,163.86
10415,2025-12-11,6,35.6
10233,2025-03-12,1,131.78
10414,2025-11-26,6,29.42
10080,2025-11-15,3,57.38
10237,2025-10-30,7,17.39
10406,2025-12-14,3,118.38
10384,2025-03-27,7,132.13
10339,2025-03-12,2,135.61
10230,2025-01-12,2,140.52
10412,2025-10-04,4,74.09
10187,2025-06-14,7,36.01
10330,2025-04-17,7,5.75
10273,2025-01-24,3,82.04
10151,2025-04-07,6,168.33
10101,2025-12-17,5,83.53
10266,2025-01-26,7,112.77
10159,2025-01-03,7,165.43
10259,2025-04-02,6,155.94
10354,2025-04-29,5,134.46
10402,2025-03-14,3,108.66
10386,2025-03-16,5,45.57
10256,2025-07-18,6,136.02
10029,2025-01-05,1,78.08
10091,2025-12-25,3,128.6
10367,2025-07-02,5,44.09
10298,2025-05-15,6,169.62
10409,2025-01-28,2,33.71
10246,2025-03-13,2,143.38
10223,2025-11-25,3,160.81
10123,2025-05-03,6,31.61
10032,2025-09-08,3,156.38
10072,2025-03-01,1,117.76
10342,2025-05-16,7,110.62
10290,2025-04-30,3,49.45
10124,2025-11-04,5,62.47
10182,2025-05-26,3,46.14
10322,2025-10-18,6,82.24
10192,2025-12-03,6,118.38
10189,2025-04-30,2,132.53
10136,2025-03-19,1,128.5
10319,2025-11-06,3,65.69
10446,2025-12-05,1,63.82
10130,2025-12-06,7,138.61
10146,2025-02-18,7,175.43
10239,2025-08-15,1,43.78
10096,2025-02-12,3,77.24
10263,2025-05-09,7,53.33
10443,2025-05-29,5,175.56
10316,2025-11-25,3,7.88
10083,2025-09-25,2,161.17
10102,2025-12-11,3,139.31
10039,2025-11-01,3,63.07
10482,2025-05-07,4,124.08
10174,2025-11-12,5,69.69
10145,2025-02-01,4,116.45
10430,2025-03-15,2,79.44
10154,2025-11-13,4,165.13
10117,2025-01-21,5,85.08
10129,2025-08-31,3,147.15
10199,2025-11-22,7,105.85
10034,2025-03-26,5,70.18
10321,2025-09-12,7,174.18
10212,2025-07-26,2,39.19
10486,2025-09-14,4,163.93
10386,2025-04-23,2,176.73
10193,2025-02-12,7,153.59
10355,2025-12-02,4,111.82
10404,2025-02-07,6,113.93
10098,2025-05-05,1,167.48
10080,2025-01-01,5,80.79
10069,2025-03-13,4,149.26
10023,2025-08-26,7,140.56
10161,2025-01-16,4,155.27
10397,2025-03-21,1,82.12
10385,2025-05-06,6,119.19
10189,2025-05-02,5,21.15
10245,2025-12-28,1,17.62
10384,2025-03-10,1,23.81
10462,2025-03-21,3,133.69
10141,2025-10-04,5,67.15
10329,2025-06-17,6,163.96
10297,2025-07-01,1,18.86
10311,2025-12-21,3,35.17
10402,2025-03-17,7,151.35
10384,2025-01-03,6,78.23
10198,2025-11-18,1,43.56
10376,2025-04-18,6,141.67
10028,2025-04-27,6,46.03
10172,2025-10-27,1,175.35
10109,2025-08-16,3,53.11
10129,2025-02-04,3,155.24
10451,2025-11-22,6,88.93
10219,2025-12-05,6,168.68
10037,2025-01-04,4,56.85
10245,2025-11-01,4,166.9
10035,2025-03-06,1,57.98
10071,2025-02-22,5,83.43
10192,2025-10-07,4,115.7
10221,2025-08-05,7,102.04
10116,2025-06-09,1,122.4
10320,2025-07-22,5,126.8
10249,2025-03-15,4,51.87
10068,2025-09-11,4,6.53
10412,2025-05-10,7,131.61
10070,2025-04-22,6,110.05
10180,2025-07-24,3,103.59
10087,2025-05-21,4,91.75
10472,2025-01-24,3,167.47
10142,2025-03-29,1,56.98
10434,2025-12-24,3,164.6
10481,2025-04-17,2,34.39
10110,2025-05-25,4,126.54
10013,2025-03-06,5,169.76
10007,2025-01-20,7,31.99
10092,2025-11-27,7,139.77
10201,2025-08-05,5,52.78
10083,2025-11-20,5,15.33
10479,2025-10-31,3,80.46
10238,2025-05-12,2,127.32
10424,2025-06-25,4,54.6
10008,2025-09-11,7,171.3
10067,2025-10-11,6,5.4
10230,2025-06-28,3,51.86
10082,2025-01-14,5,64.78
10082,2025-04-13,2,69.9
10013,2025-04-24,1,57.44
10135,2025-05-08,4,8.74
10382,2025-08-03,3,41.74
10397,2025-12-19,3,50.79
10255,2025-02-23,6,122.69
10093,2025-05-05,1,71.03
10225,2025-04-08,5,131.42
10309,2025-07-31,5,82.44
10074,2025-10-25,4,64.63
10204,2025-12-11,5,32.82
10412,2025-07-05,1,44.96
10209,2025-04-19,7,162.76
10236,2025-03-21,7,84.65
10409,2025-10-23,1,59.87
10336,2025-01-17,5,43.21
10081,2025-02-11,7,158.41
10305,2025-01-23,1,128.23
10462,2025-09-25,6,126.53
10106,2025-11-08,4,145.81
10447,2025-10-22,2,47.23
10294,2025-04-11,7,132.93
10335,2025-11-02,4,17.5
10166,2025-01-02,2,121.36
10025,2025-12-22,5,61.39
10014,2025-08-07,5,120.82
10332,2025-09-17,3,44.66
10492,2025-02-05,6,66.86
10301,2025-12-23,1,122.29
10179,2025-05-23,5,169.41
10387,2025-04-12,6,64.62
10473,2025-11-07,6,34.6
10107,2025-07-10,2,26.81
10052,2025-02-18,6,122.49
10477,2025-03-20,4,161.51
10023,2025-05-13,1,7.97
10444,2025-01-31,4,65.36
10073,2025-07-04,2,34.56
10058,2025-06-10,7,172.06
10139,2025-08-25,3,28.15
10158,2025-09-20,4,17.01
10166,2025-02-19,5,139.41
10017,2025-10-12,3,179.82
10428,2025-10-27,1,140.42
10416,2025-01-07,7,25.06
10341,2025-10-05,2,76.38
10458,2025-12-10,3,96.0
10469,2025-05-24,3,162.28
10495,2025-04-01,6,136.83
10188,2025-07-21,1,15.5
10306,2025-04-17,2,84.28
10382,2025-03-18,7,141.26
10333,2025-10-31,6,100.05
10396,2025-08-08,5,121.68
10340,2025-11-23,6,174.3
10194,2025-09-19,3,176.26
10286,2025-09-26,6,151.46
10100,2025-10-14,6,105.09
10477,2025-05-02,4,58.83
10448,2025-02-17,5,32.95
10304,2025-06-18,2,34.31
10384,2025-12-21,2,117.09
10168,2025-11-01,5,140.26
10191,2025-09-21,1,155.27
10257,2025-05-11,7,164.96
10133,2025-03-18,6,55.38
10010,2025-10-21,3,63.53
10198,2025-06-10,2,39.34
10363,2025-10-13,1,100.19
10131,2025-03-19,3,170.66
10347,2025-06-21,2,137.58
10300,2025-10-19,7,81.44
10211,2025-11-24,7,32.83
10363,2025-01-17,2,152.49
10426,2025-05-21,1,161.84
10476,2025-04-08,2,139.41
10378,2025-10-01,1,56.13
10046,2025-10-12,5,73.29
10169,2025-08-22,1,107.12
10265,2025-09-29,2,165.63
10039,2025-05-01,7,47.49
10210,2025-01-22,6,78.45
10067,2025-07-14,3,15.53
10278,2025-01-08,1,5.54
10093,2025-08-10,5,47.59
10136,2025-08-10,3,146.58
10152,2025-07-15,5,123.19
10487,2025-11-05,6,88.43
10224,2025-02-10,4,76.68
10278,2025-05-29,1,51.36
10464,2025-12-28,6,139.06
10007,2025-04-04,7,90.35
10140,2025-12-19,4,17.25
10213,2025-01-02,3,114.76
10450,2025-01-14,4,178.8
10362,2025-03-19,7,17.74
10341,2025-12-11,3,179.49
10190,2025-08-23,3,22.41
10427,2025-07-13,1,58.85
10094,2025-02-14,1,175.88
10202,2025-02-15,5,175.12
10179,2025-11-09,7,37.31
10002,2025-10-27,2,131.06
10046,2025-01-22,2,112.21
10394,2025-06-08,2,74.66
10473,2025-07-19,3,142.14
10123,2025-09-18,7,116.06
10039,2025-01-04,7,44.39
10072,2025-10-29,3,90.78
10030,2025-07-11,4,129.16
10400,2025-07-16,1,113.77
10025,2025-05-12,2,100.02
10344,2025-01-19,5,134.07
10397,2025-12-06,1,28.58
10107,2025-10-28,4,12.51
10115,2025-10-30,4,10.75
10134,2025-09-11,1,113.6
10380,2025-06-27,4,81.03
10470,2025-11-29,3,151.27
10378,2025-02-09,1,175.01
10135,2025-04-09,5,24.6
10359,2025-06-13,7,71.3
10352,2025-10-14,2,78.41
10212,2025-05-03,4,100.63
10065,2025-11-15,7,164.16
10158,2025-04-26,6,110.0
10408,2025-05-10,6,58.34
10259,2025-04-28,3,121.02
10059,2025-05-30,4,62.59
10458,2025-10-25,1,102.16
10259,2025-05-02,7,22.26
10175,2025-06-28,1,103.7
10018,2025-01-03,1,88.75
10286,2025-07-22,1,117.95
10276,2025-03-26,2,104.17
10076,2025-06-29,7,105.23
10424,2025-05-02,7,134.02
10253,2025-05-19,4,28.35
10043,2025-02-09,4,136.53
10098,2025-06-17,3,114.16
10138,2025-10-07,2,125.51
10375,2025-08-11,5,74.93
10383,2025-06-05,4,19.9
10411,2025-11-05,4,166.36
10305,2025-07-27,6,149.71
10455,2025-08-13,2,175.81
10157,2025-04-14,5,85.56
10292,2025-09-08,6,159.83
10315,2025-05-12,1,157.52
10184,2025-03-13,3,101.23
10228,2025-10-02,1,162.59
10353,2025-07-30,1,147.57
10432,2025-06-21,3,22.97
10461,2025-09-18,4,28.41
10147,2025-08-06,1,76.29
10359,2025-10-05,1,98.26
10379,2025-06-04,1,119.21
10469,2025-12-31,7,103.76
10318,2025-07-23,5,158.31
10101,2025-06-21,3,145.13
10371,2025-11-24,4,22.94
10086,2025-12-31,4,64.36
10190,2025-04-08,1,160.38
10245,2025-03-26,2,137.15
10363,2025-07-09,7,7.75
10084,2025-01-27,2,114.68
10350,2025-09-08,3,27.11
10073,2025-09-05,4,93.09
10194,2025-02-01,7,178.98
10061,2025-04-09,7,18.16
10014,2025-12-18,5,149.12
10163,2025-03-07,5,89.65
10482,2025-07-02,5,176.29
10281,2025-09-06,4,155.42
10357,2025-03-31,3,16.36
10115,2025-05-04,3,117.58
10103,2025-10-05,5,155.55
10453,2025-06-05,2,53.87
10366,2025-10-25,2,128.33
10245,2025-01-22,5,49.5
10140,2025-08-19,2,40.92
10432,2025-05-05,4,63.14
10235,2025-12-01,7,56.29
10027,2025-06-10,2,173.42
10430,2025-02-02,2,46.13
10209,2025-11-02,7,79.3
10225,2025-07-12,3,90.02
10191,2025-01-22,4,125.96
10145,2025-09-29,6,174.75
10301,2025-08-02,7,112.44
10153,2025-12-01,3,155.61
10255,2025-09-14,4,28.0
10039,2025-08-23,3,120.74
10417,2025-03-22,7,35.17
10110,2025-08-08,7,157.48
10303,2025-03-04,1,109.22
10136,2025-05-22,2,28.83
10093,2025-06-07,5,153.77
10087,2025-07-28,2,96.87
10354,2025-03-18,2,89.98
10032,2025-07-22,7,19.21
10399,2025-04-29,7,163.71
10233,2025-11-27,2,94.93
10228,2025-12-28,5,156.3
10108,2025-10-29,3,18.17
10179,2025-03-27,2,123.94
10370,2025-09-27,7,70.71
10446,2025-12-25,1,98.9
10462,2025-12-04,3,114.25
10311,2025-11-15,1,149.51
10137,2025-01-25,7,166.57
10039,2025-02-24,4,34.18
10287,2025-10-08,6,155.43
10277,2025-04-22,3,25.44
10254,2025-06-19,6,6.89
10263,2025-06-26,5,57.72
10038,2025-10-02,2,54.82
10197,2025-09-28,1,139.95
10063,2025-04-19,2,103.06
10428,2025-10-16,7,72.93
10443,2025-06-20,6,143.36
10412,2025-08-02,7,168.77
10238,2025-10-28,6,117.23
10401,2025-04-14,5,119.28
10403,2025-01-13,2,155.79
10175,2025-08-28,3,56.23
10034,2025-04-17,2,179.28
10422,2025-04-05,7,35.84
10298,2025-06-28,2,12.93
10225,2025-11-17,6,149.05
10433,2025-11-07,1,35.52
10476,2025-09-24,3,63.71
10434,2025-04-09,3,94.79
10007,2025-12-11,6,24.45
10003,2025-10-28,4,79.16
10245,2025-01-14,6,66.93
10261,2025-03-31,5,20.0
10117,2025-02-14,1,110.52
10185,2025-04-21,1,83.93
10283,2025-09-05,3,32.95
10381,2025-07-22,2,142.9
10379,2025-02-23,2,76.76
10037,2025-08-27,1,9.51
10192,2025-08-06,7,158.89
10133,2025-11-18,2,76.61
10145,2025-04-24,5,21.08
10407,2025-11-18,2,55.56
10215,2025-08-28,1,49.63
10235,2025-04-02,7,12.69
10490,2025-04-29,4,62.91
10227,2025-09-30,3,34.52
10376,2025-09-10,2,42.38
10485,2025-08-20,1,122.99
10489,2025-05-28,1,32.71
10160,2025-05-21,5,8.76
10202,2025-07-24,1,36.25
10021,2025-10-11,7,56.71
10375,2025-04-03,3,33.88
10197,2025-11-24,6,109.52
10007,2025-03-14,3,158.93
10077,2025-06-24,5,150.35
10089,2025-04-23,5,87.34
10041,2025-12-01,3,142.47
10036,2025-03-06,2,143.34
10284,2025-02-16,3,116.07
10117,2025-09-07,3,145.47
10477,2025-03-02,3,71.26
10286,2025-12-27,2,135.88
10290,2025-10-06,6,96.47
10262,2025-11-18,3,134.26
10324,2025-04-22,6,134.35
10392,2025-09-30,5,16.55
10162,2025-08-02,4,150.89
10307,2025-06-04,6,11.32
10286,2025-07-01,7,79.8
10343,2025-01-07,2,108.43
10377,2025-02-23,5,149.1
10383,2025-02-15,2,15.07
10295,2025-10-03,5,122.52
10036,2025-04-09,4,65.37
10402,2025-09-28,2,12.17
10485,2025-09-17,3,63.16
10276,2025-02-22,2,117.1
10220,2025-04-29,5,19.5
10100,2025-04-05,2,153.45
10230,2025-02-11,7,12.52
10292,2025-10-20,7,46.84
10388,2025-05-16,2,62.68
10246,2025-11-29,6,16.24
10091,2025-11-05,4,166.96
10083,2025-11-14,7,174.11
10268,2025-09-28,4,163.36
10310,2025-07-03,6,39.8
10442,2025-06-05,7,150.8
10409,2025-05-15,6,64.11
10290,2025-08-18,3,55.54
10068,2025-06-12,4,125.75
10413,2025-11-10,3,19.94
10273,2025-03-06,6,5.95
10422,2025-05-14,1,167.91
10367,2025-07-01,2,66.94
10159,2025-04-13,2,144.12
10202,2025-03-26,5,79.51
10207,2025-07-24,4,21.23
10136,2025-03-01,1,88.04
10385,2025-10-13,3,34.92
10187,2025-05-19,7,19.15
10349,2025-10-01,3,8.32
10271,2025-01-24,7,75.14
10205,2025-10-15,3,50.25
10344,2025-06-21,2,63.8
10088,2025-11-07,1,173.3
10280,2025-09-12,6,150.11
10074,2025-10-21,4,128.53
10054,2025-08-26,6,47.71
10415,2025-02-09,5,136.23
10409,2025-12-22,1,127.13
10338,2025-05-24,5,97.39
10462,2025-11-20,4,46.81
10304,2025-07-05,2,41.37
10051,2025-08-20,3,78.41
10193,2025-03-08,3,53.39
10125,2025-11-24,5,159.84
10361,2025-10-16,5,86.51
10087,2025-06-12,7,123.6
10302,2025-06-02,1,161.99
10425,2025-10-19,6,113.69
10092,2025-03-02,2,33.14
10456,2025-04-14,2,60.89
10352,2025-02-21,3,166.46
10023,2025-07-12,4,13.05
10267,2025-05-16,1,43.79
10167,2025-12-24,4,113.16
10350,2025-11-23,6,154.49
10097,2025-08-07,1,148.57
10247,2025-10-07,7,132.9
10235,2025-07-04,1,127.89
10250,2025-06-05,6,70.38
10461,2025-10-15,3,15.74
10472,2025-05-12,3,116.26
10036,2025-04-25,2,17.7
10394,2025-02-21,4,144.72
10086,2025-10-31,2,27.95
10079,2025-10-17,2,9.3
10244,2025-01-07,5,179.86
10488,2025-11-04,6,34.29
10263,2025-03-28,7,106.84
10294,2025-11-21,4,15.77
10373,2025-03-06,4,176.64
10239,2025-02-27,5,7.91
10219,2025-04-04,5,125.38
10349,2025-12-07,7,152.65
10071,2025-12-12,6,56.85
10441,2025-08-30,7,6.38
10177,2025-01-09,5,11.48
10295,2025-08-14,7,15.66
10492,2025-04-20,5,137.03
10382,2025-09-24,4,97.48
10376,2025-07-29,1,161.89
10408,2025-11-16,3,115.69
10059,2025-09-14,7,108.96
10221,2025-04-25,5,40.32
10405,2025-10-10,2,44.14
10131,2025-03-29,1,176.25
10156,2025-05-20,2,171.66
10439,2025-03-28,2,81.61
10391,2025-03-22,4,144.13
10126,2025-05-27,2,131.02
10007,2025-11-08,5,53.6
10242,2025-06-12,6,39.99
10436,2025-02-14,6,136.04
10274,2025-10-02,6,173.47
10082,2025-01-24,3,177.14
10242,2025-07-25,7,67.51
10228,2025-03-26,7,16.47
10303,2025-11-27,1,60.86
10331,2025-06-29,5,17.24
10123,2025-05-31,3,177.85
10254,2025-12-10,6,58.75
10246,2025-06-17,5,153.32
10083,2025-09-24,4,48.13
10250,2025-06-09,3,172.98
10070,2025-07-25,1,90.6
10098,2025-07-01,3,150.92
10143,2025-07-10,1,109.88
10486,2025-06-09,7,139.06
10027,2025-09-11,5,17.75
10429,2025-06-23,4,20.34
10109,2025-08-17,3,67.52
10474,2025-09-22,5,158.58
10066,2025-05-03,4,164.13
10306,2025-03-04,7,129.35
10233,2025-02-03,3,109.78
10114,2025-08-07,4,13.6
10179,2025-03-15,2,167.41
10204,2025-05-11,5,120.49
10294,2025-10-13,4,112.78
10367,2025-06-18,2,152.35
10141,2025-08-20,2,46.37
10191,2025-02-24,6,113.49
10017,2025-10-18,7,124.5
10130,2025-08-05,2,137.33
10166,2025-01-17,2,21.58
10404,2025-06-21,5,132.45
10378,2025-11-25,7,162.98
10387,2025-06-22,5,114.97
10128,2025-05-20,7,34.73
10108,2025-01-11,6,165.77
10203,2025-12-05,3,22.87
10214,2025-03-24,2,45.32
10378,2025-08-05,6,154.6
10433,2025-06-05,5,108.03
10204,2025-07-19,5,63.74
10108,2025-02-14,1,145.61
10444,2025-10-26,4,118.29
10269,2025-03-01,6,25.67
10460,2025-08-17,6,45.62
10195,2025-04-04,4,146.85
10156,2025-09-04,6,146.95
10031,2025-02-04,6,18.0
10368,2025-02-27,2,96.27
10248,2025-11-26,6,129.78
10127,2025-08-09,7,61.95
10224,2025-10-24,4,15.99
10070,2025-05-11,1,78.0
10486,2025-10-06,7,168.6
10219,2025-01-28,1,132.8
10151,2025-09-19,1,42.34
10302,2025-02-18,4,152.83
10398,2025-08-23,3,121.83
10468,2025-06-25,3,55.78
10341,2025-08-19,7,52.01
10073,2025-04-06,3,35.98
10210,2025-02-08,1,75.82
10357,2025-10-07,4,68.01
10412,2025-06-18,2,54.93
10238,2025-02-14,4,157.91
10426,2025-06-02,6,138.16
10066,2025-01-06,7,91.24
10172,2025-11-17,5,173.48
10487,2025-12-30,7,122.89
10099,2025-05-27,2,171.59
10348,2025-04-25,3,149.33
10106,2025-08-18,6,116.01
10065,2025-07-06,3,126.4
10080,2025-10-04,5,140.61
10453,2025-03-18,5,137.52
10491,2025-05-19,3,157.88
10052,2025-03-18,2,64.49
10355,2025-12-13,1,68.6
10047,2025-05-27,3,48.21
10410,2025-08-23,3,166.33
10166,2025-10-16,6,163.16
10024,2025-08-14,6,82.36
10469,2025-01-15,1,75.21
10461,2025-12-27,4,28.19
10017,2025-11-02,6,175.67
10195,2025-04-22,7,122.58
10460,2025-12-28,6,173.62
10176,2025-11-22,3,115.63
10306,2025-07-24,3,94.94
10435,2025-06-08,3,136.04
10034,2025-05-12,2,160.22
10246,2025-04-04,1,152.86
10285,2025-03-27,4,65.55
10463,2025-02-14,2,93.69
10230,2025-03-08,3,170.34
10419,2025-12-24,3,93.6
10282,2025-04-29,6,145.36
10217,2025-03-19,6,96.85
10369,2025-11-07,5,150.69
10424,2025-08-06,6,16.95
10340,2025-01-02,3,5.22
10310,2025-04-02,3,20.87
10499,2025-10-14,6,81.29
10302,2025-04-11,5,69.31
10079,2025-09-01,5,172.82
10460,2025-07-31,2,179.47
10407,2025-01-07,1,28.55
10186,2025-02-16,2,151.01
10206,2025-01-26,3,94.1
10333,2025-10-28,2,152.22
10392,2025-09-26,4,69.6
10352,2025-02-17,2,140.22
10446,2025-09-03,7,5.8
10036,2025-02-27,7,86.86
10496,2025-04-25,3,63.23
10244,2025-09-08,6,49.1
10134,2025-11-11,4,57.59
10109,2025-04-19,6,78.35
10227,2025-03-18,7,91.79
10151,2025-01-08,6,96.87
10472,2025-06-05,3,133.55
10249,2025-07-27,4,149.69
10473,2025-02-11,6,173.26
10337,2025-08-31,3,122.1
10187,2025-08-24,1,49.93
10201,2025-02-27,3,106.3
10471,2025-02-01,3,81.74
10330,2025-03-13,1,46.15
10203,2025-03-07,2,63.17
10375,2025-03-07,3,45.1
10188,2025-10-07,7,99.29
10109,2025-03-24,3,16.57
10379,2025-07-02,4,100.06
10043,2025-10-10,3,77.07
10236,2025-08-30,2,6.15
10206,2025-06-03,2,53.26
10225,2025-09-25,1,174.91
10107,2025-01-08,1,106.42
10194,2025-08-10,3,16.34
10062,2025-05-08,4,106.09
10217,2025-03-14,1,128.2
10369,2025-03-07,7,28.58
10070,2025-09-12,4,75.47
10076,2025-12-18,7,42.43
10031,2025-02-12,6,99.95
10417,2025-04-21,3,148.91
10377,2025-04-09,3,46.94
10022,2025-06-29,2,29.4
10283,2025-06-13,2,29.35
10235,2025-09-04,4,112.52
10336,2025-02-11,3,17.14
10188,2025-07-04,4,97.12
10402,2025-02-08,2,146.75
10254,2025-10-21,5,139.13
10116,2025-08-27,6,122.28
10252,2025-11-18,4,6.92
10117,2025-09-28,1,80.56
10252,2025-09-07,2,47.59
10139,2025-05-16,6,95.16
10217,2025-11-05,3,31.58
10152,2025-05-23,3,28.67
10262,2025-03-31,7,171.49
10381,2025-03-17,6,159.11
10345,2025-07-07,4,22.1
10188,2025-07-10,6,149.85
10250,2025-04-03,2,16.55
10162,2025-07-31,1,64.31
10156,2025-03-17,4,178.94
10319,2025-12-07,6,169.6
10392,2025-01-12,2,86.81
10094,2025-01-15,7,127.85
10128,2025-04-30,3,71.97
10054,2025-11-28,4,153.52
10496,2025-03-19,2,60.33
10349,2025-12-28,5,41.1
10080,2025-05-03,2,30.28
10379,2025-05-07,3,115.38
10153,2025-02-08,1,102.61
10149,2025-09-22,2,162.98
10245,2025-11-13,1,30.69
10319,2025-10-29,6,145.79
10330,2025-02-23,6,170.17
10018,2025-08-26,6,135.71
10371,2025-06-14,3,25.13
10203,2025-04-16,2,31.86
10458,2025-10-07,2,20.38
10289,2025-08-16,1,63.42
10469,2025-11-12,1,137.82
10127,2025-11-17,3,30.36
10332,2025-11-09,1,83.57
10175,2025-02-09,5,12.77
10430,2025-08-15,5,123.69
10305,2025-06-25,3,22.26
10377,2025-03-05,1,143.79
10295,2025-01-09,7,112.22
10382,2025-03-16,2,38.35
10078,2025-11-05,6,127.22
10115,2025-09-07,7,66.11
10354,2025-10-12,7,96.65
10093,2025-11-25,5,102.4
10041,2025-01-17,5,52.53
10280,2025-05-29,6,77.99
10485,2025-09-30,6,142.61
10156,2025-09-26,5,156.29
10102,2025-09-10,7,153.51
10363,2025-02-21,2,104.44
10127,2025-02-16,1,157.68
10388,2025-06-06,4,29.57
10101,2025-07-11,5,177.17
10095,2025-04-27,6,12.89
10496,2025-09-09,2,162.36
10300,2025-03-23,1,143.54
10144,2025-05-03,6,73.27
10226,2025-02-06,7,143.32
10303,2025-07-03,2,172.58
10024,2025-09-28,2,33.72
10496,2025-12-23,6,118.64
10240,2025-03-29,5,5.78
10476,2025-08-21,3,121.26
10396,2025-01-19,5,15.76
10022,2025-07-03,5,121.86
10401,2025-11-19,1,9.71
10261,2025-01-25,5,75.59
10441,2025-05-20,5,156.69
10301,2025-02-14,7,58.62
10140,2025-07-13,2,174.61
10352,2025-11-07,7,87.48
10143,2025-06-20,5,36.85
10168,2025-09-29,4,168.84
10295,2025-04-22,1,32.2
10164,2025-11-01,5,108.95
10468,2025-03-28,7,169.98
10003,2025-07-31,2,169.61
10193,2025-05-11,1,102.24
10018,2025-07-30,1,42.13
10360,2025-04-09,2,92.6
10276,2025-07-13,5,56.1
10075,2025-04-09,2,60.01
10038,2025-09-26,7,60.56
10373,2025-03-25,7,40.31
10102,2025-05-01,6,11.79
10422,2025-01-06,1,136.38
10167,2025-07-01,4,7.25
10275,2025-01-01,2,105.31
10036,2025-06-21,5,69.26
10254,2025-11-10,5,118.75
10016,2025-08-30,6,106.6
10112,2025-07-11,5,88.83
10464,2025-03-20,4,141.04
10489,2025-11-14,6,105.1
10218,2025-01-10,3,162.23
10455,2025-03-12,7,107.41
10103,2025-02-02,6,158.37
10294,2025-05-10,1,156.22
10355,2025-03-07,3,128.68
10446,2025-02-25,5,62.62
10005,2025-11-09,7,90.16
10298,2025-07-18,7,18.83
10123,2025-09-19,6,131.91
10194,2025-07-12,1,118.08
10481,2025-10-01,6,148.21
10327,2025-10-04,1,19.77
10449,2025-06-12,6,27.49
10096,2025-11-04,6,118.07
10318,2025-02-07,7,133.13
10464,2025-12-10,6,17.9
10047,2025-06-19,7,10.38
10437,2025-02-26,5,61.83
10160,2025-11-11,4,64.41
10211,2025-09-02,2,14.11
10014,2025-07-05,3,22.07
10420,2025-04-09,1,40.69
10110,2025-08-19,6,7.47
10496,2025-10-21,4,30.87
10013,2025-05-17,7,9.48
10055,2025-02-25,7,69.74
10064,2025-02-24,5,136.01
10340,2025-10-17,7,120.75
10317,2025-08-17,1,110.78
10103,2025-04-02,4,86.87
10051,2025-06-27,1,37.81
10132,2025-03-03,2,13.44
10078,2025-05-07,4,37.47
10359,2025-10-22,6,170.75
10452,2025-04-05,6,147.44
10215,2025-12-18,6,104.74
10168,2025-09-12,7,112.33
10262,2025-01-21,7,135.41
10167,2025-04-27,3,148.84
10091,2025-04-24,1,47.26
10044,2025-07-30,4,145.4
10326,2025-12-31,7,118.45
10398,2025-04-05,4,53.65
10260,2025-03-06,7,55.34
10339,2025-10-02,1,34.99
10059,2025-08-16,4,100.79
10274,2025-05-17,1,174.51
10337,2025-09-12,5,143.21
10309,2025-06-24,4,34.13
10013,2025-11-20,2,25.97
10051,2025-12-05,4,54.3
10493,2025-04-25,5,33.77
10131,2025-09-20,7,29.92
10116,2025-07-03,7,133.07
10292,2025-09-26,2,60.06
10367,2025-05-15,1,103.97
10477,2025-05-04,6,60.17
10372,2025-01-08,4,177.3
10409,2025-11-03,2,108.62
10459,2025-07-08,5,29.43
10321,2025-05-21,4,141.03
10303,2025-07-16,5,55.7
10260,2025-12-27,5,84.64
10103,2025-10-31,7,55.28
10008,2025-11-24,2,90.69
10062,2025-05-17,7,58.79
10446,2025-08-29,7,61.11
10154,2025-07-10,4,32.58
10034,2025-10-31,7,173.02
10070,2025-09-24,5,41.29
10065,2025-07-18,7,54.48
10188,2025-06-25,4,76.8
10347,2025-09-25,1,25.63
10403,2025-07-02,2,45.09
10407,2025-02-15,5,76.29
10480,2025-01-20,7,107.18
10394,2025-12-27,5,98.86
10133,2025-04-05,5,69.51
10227,2025-10-20,7,123.4
10324,2025-02-11,3,135.48
10089,2025-02-21,2,51.41
10344,2025-01-11,7,46.93
10018,2025-03-30,1,114.44
10113,2025-12-24,3,76.99
10426,2025-07-29,6,150.29
10160,2025-01-04,2,6.7
10489,2025-10-06,2,99.78
10420,2025-12-07,7,66.01
10123,2025-02-24,1,42.17
10461,2025-07-21,5,156.89
10434,2025-12-17,1,42.97
10492,2025-05-01,1,143.0
10202,2025-05-07,5,154.46
10454,2025-08-14,4,174.3
10156,2025-12-30,4,25.36
10178,2025-12-05,2,32.31
10253,2025-10-02,6,19.7
10181,2025-04-14,2,61.08
10005,2025-06-27,6,163.68
10360,2025-03-04,4,117.64
10222,2025-05-13,1,32.1
10409,2025-12-16,4,23.48
10100,2025-02-05,7,136.18
10114,2025-02-16,4,114.07
10357,2025-02-02,7,5.42
10350,2025-03-14,1,107.79
10252,2025-08-18,7,38.25
10301,2025-05-17,2,56.38
10435,2025-10-10,6,22.66
10440,2025-08-07,1,178.49
10449,2025-11-28,3,84.95
10497,2025-04-28,6,112.96
10159,2025-05-14,2,40.73
10399,2025-01-13,7,70.63
10141,2025-12-09,7,118.22
10435,2025-11-01,3,135.68
10470,2025-04-19,3,163.71
10220,2025-03-27,7,48.34
10252,2025-12-10,4,46.97
10059,2025-07-07,7,75.55
10049,2025-12-02,5,58.96
10099,2025-04-26,4,148.41
10023,2025-02-26,5,69.98
10200,2025-08-03,4,70.36
10496,2025-11-11,5,92.95
10354,2025-02-08,3,103.69
10290,2025-09-14,5,66.82
10365,2025-01-13,5,6.53
10028,2025-09-14,4,133.69
10328,2025-11-17,4,25.08
10256,2025-11-03,6,154.5
10058,2025-08-11,2,48.21
10253,2025-07-15,3,49.74
10333,2025-02-17,5,98.68
10218,2025-07-04,2,163.79
10462,2025-12-05,6,71.6
10476,2025-05-14,7,89.08
10181,2025-04-12,4,77.58
10475,2025-11-12,6,24.62
10122,2025-07-15,1,55.45
10063,2025-11-25,6,165.43
10325,2025-01-16,4,169.4
10076,2025-02-28,2,49.62
10160,2025-09-04,7,166.02
10204,2025-10-09,1,7.77
10344,2025-12-22,7,130.76
10418,2025-04-11,7,9.49
10447,2025-04-05,6,79.56
10312,2025-03-09,7,77.23
10482,2025-09-29,5,81.12
10365,2025-03-13,2,169.71
10437,2025-11-26,7,66.64
10289,2025-07-29,5,8.16
10059,2025-09-03,5,24.31
10106,2025-04-13,1,136.12
10207,2025-09-23,3,27.49
10409,2025-03-30,3,15.27
10208,2025-03-05,3,39.19
10008,2025-02-05,5,176.11
10217,2025-02-25,7,82.81
10350,2025-04-29,3,30.92
10496,2025-02-08,2,120.23
10098,2025-10-10,6,71.09
10156,2025-05-08,3,101.74
10236,2025-01-08,7,179.3
10245,2025-11-23,6,127.35
10488,2025-06-26,1,98.61
10200,2025-08-27,3,179.71
10270,2025-08-09,5,93.49
10126,2025-10-18,1,84.25
10029,2025-01-19,3,153.86
10197,2025-05-11,1,172.66
10215,2025-04-18,2,130.91
10087,2025-07-28,6,68.91
10331,2025-11-27,3,75.46
10166,2025-01-05,6,6.55
10029,2025-12-29,4,46.96
10268,2025-06-22,7,140.96
10127,2025-11-07,7,90.56
10364,2025-12-14,6,154.89
10010,2025-03-03,6,122.27
10385,2025-03-25,1,104.07
10271,2025-10-06,1,146.02
10366,2025-06-02,7,92.12
10191,2025-06-14,1,121.77
10442,2025-04-24,1,90.71
10252,2025-03-04,7,66.69
10499,2025-11-03,2,138.88
10148,2025-06-25,4,17.45
10429,2025-01-04,1,176.01
10329,2025-12-03,5,173.14
10463,2025-02-13,2,150.32
10087,2025-11-17,3,86.81
10257,2025-09-16,1,83.75
10454,2025-05-23,6,75.43
10123,2025-05-25,7,85.37
10481,2025-01-24,4,43.8
10484,2025-05-24,2,144.84
10247,2025-11-25,5,159.19
10365,2025-11-18,2,92.63
10233,2025-12-26,2,154.27
10329,2025-09-01,6,56.04
10430,2025-07-06,6,155.42
10371,2025-10-21,2,175.32
10145,2025-03-24,2,122.32
10290,2025-11-25,7,173.5
10402,2025-07-18,1,132.06
10291,2025-06-13,4,126.35
10144,2025-09-12,5,87.79
10376,2025-08-03,1,15.47
10360,2025-06-26,6,26.92
10318,2025-11-25,6,149.86
10168,2025-05-09,3,36.78
10282,2025-11-06,7,125.11
10302,2025-04-01,3,33.02
10107,2025-05-30,6,137.16
10463,2025-04-19,2,172.25
10298,2025-03-09,6,113.19
10028,2025-01-19,5,11.81
10136,2025-07-27,6,133.98
10404,2025-04-04,6,88.27
10347,2025-12-30,5,156.51
10271,2025-12-14,1,31.07
10248,2025-04-28,4,54.12
10190,2025-01-03,4,165.86
10472,2025-09-30,7,151.52
10176,2025-09-23,4,164.1
10416,2025-05-11,7,96.11
10035,2025-10-15,1,123.01
10267,2025-02-12,3,168.25
10130,2025-05-28,4,120.49
10212,2025-03-17,6,20.3
10312,2025-08-06,2,32.1
10034,2025-01-25,4,5.46
10049,2025-03-22,2,24.49
10290,2025-02-28,7,9.76
10335,2025-09-01,7,72.34
10031,2025-05-30,6,112.91
10482,2025-09-16,1,155.7
10219,2025-02-16,5,76.52
10491,2025-09-26,3,33.15
10069,2025-07-31,4,164.06
10445,2025-06-29,5,165.46
10323,2025-05-21,5,176.05
10404,2025-12-21,3,9.12
10405,2025-08-20,4,108.39
10089,2025-11-13,1,115.34
10085,2025-04-03,5,98.5
10486,2025-07-28,7,37.88
10217,2025-09-12,7,166.13
10102,2025-09-07,2,98.91
10316,2025-06-10,1,11.5
10435,2025-04-11,3,65.59
10137,2025-05-01,3,132.28
10439,2025-12-11,7,40.49
10033,2025-04-02,5,140.88
10311,2025-08-24,7,41.75
10188,2025-09-09,4,80.72
10261,2025-11-23,7,56.17
10304,2025-05-30,5,27.34
10101,2025-04-16,3,159.67
10025,2025-01-27,1,64.59
10260,2025-12-25,6,136.51
10477,2025-06-09,1,160.97
10146,2025-02-08,6,54.49
10280,2025-01-22,3,5.97
10063,2025-07-13,2,96.91
10173,2025-06-20,5,46.21
10065,2025-02-10,7,157.93
10057,2025-11-20,5,33.84
10401,2025-03-11,1,131.24
10452,2025-05-18,3,9.49
10462,2025-10-06,5,52.44
10365,2025-06-10,2,39.44
10071,2025-01-25,2,154.12
10463,2025-09-02,4,109.85
10007,2025-05-20,2,120.44
10135,2025-09-25,4,19.4
10132,2025-03-11,1,59.01
10373,2025-08-09,3,161.18
10068,2025-11-07,7,112.31
10485,2025-03-26,6,137.59
10095,2025-01-31,1,92.81
10432,2025-06-25,3,40.93
10292,2025-05-03,7,164.94
10126,2025-08-15,7,51.18
10212,2025-11-09,2,34.75
10058,2025-12-04,7,118.56
10215,2025-09-08,3,20.1
10347,2025-12-07,1,138.81
10103,2025-09-14,2,129.61
10482,2025-12-08,4,72.06
10333,2025-12-28,7,95.14
10184,2025-03-08,7,90.22
10145,2025-01-09,1,18.07
10389,2025-01-02,3,18.93
10200,2025-08-31,7,66.67
10472,2025-05-13,7,6.14
10232,2025-09-29,3,37.47
10351,2025-11-12,2,68.98
10453,2025-10-01,7,114.76
10476,2025-05-28,3,95.24
10124,2025-09-18,6,35.39
10217,2025-09-10,3,137.89
10360,2025-01-27,2,144.02
10206,2025-01-17,7,120.99
10155,2025-01-31,4,125.39
10310,2025-07-15,4,49.35
10448,2025-10-10,2,151.7
10233,2025-10-30,2,107.39
10198,2025-08-12,3,36.06
10381,2025-12-13,4,124.76
10253,2025-04-06,1,114.79
10156,2025-03-30,3,104.52
10439,2025-01-04,5,87.42
10305,2025-02-19,5,139.2
10337,2025-07-14,5,132.75
10407,2025-10-10,7,108.08
10048,2025-02-03,2,16.74
10426,2025-10-31,1,45.59
10069,2025-10-01,1,176.3
10006,2025-02-16,7,75.43
10496,2025-05-05,7,115.76
10140,2025-08-21,4,28.03
10015,2025-10-22,1,104.99
10352,2025-10-26,1,111.53
10151,2025-02-04,3,138.37
10209,2025-01-25,1,174.56
10480,2025-06-30,1,84.8
10286,2025-03-25,2,59.72
10008,2025-02-06,3,32.96
10340,2025-06-14,6,63.5
10081,2025-10-12,3,82.6
10162,2025-07-15,6,173.74
10107,2025-07-24,4,94.47
10458,2025-08-12,6,123.13
10044,2025-03-27,3,133.37
10271,2025-08-28,7,7.39
10236,2025-12-18,2,45.77
10276,2025-02-03,1,99.55
10297,2025-09-06,6,15.03
10052,2025-06-01,4,31.37
10160,2025-05-03,2,136.7
10284,2025-02-24,2,122.96
10055,2025-11-09,3,29.25
10406,2025-06-09,5,25.64
10406,2025-05-19,4,152.57
10265,2025-12-21,1,87.67
10403,2025-12-10,2,60.32
10215,2025-02-05,4,130.86
10282,2025-04-19,6,122.07
10233,2025-04-18,5,179.0
10069,2025-12-26,1,23.11
10088,2025-01-10,1,139.49
10271,2025-01-23,3,85.52
10039,2025-11-04,5,48.42
10315,2025-09-26,3,92.22
10161,2025-06-03,1,8.58
10215,2025-04-17,2,26.8
10449,2025-01-01,5,24.04
10432,2025-06-04,6,126.15
10235,2025-07-21,2,128.96
10196,2025-08-21,3,47.66
10407,2025-05-04,2,58.76
10256,2025-01-17,3,140.21
10369,2025-04-05,4,72.84
10058,2025-03-23,4,66.0
10356,2025-12-19,2,170.47
10282,2025-02-07,6,100.26
10106,2025-10-26,4,99.18
10384,2025-09-27,2,111.85
10269,2025-06-21,3,12.21
10366,2025-03-22,6,74.83
10415,2025-02-06,6,143.01
10129,2025-07-01,7,118.97
10406,2025-10-13,4,160.76
10496,2025-04-30,2,59.33
10259,2025-10-13,2,88.23
10360,2025-03-28,2,46.08
10386,2025-04-19,4,37.45
10212,2025-12-08,6,20.93
10403,2025-08-02,5,39.8
10208,2025-07-05,3,33.68
10443,2025-07-23,2,81.83
10390,2025-08-26,2,76.93
10270,2025-07-27,2,138.72
10088,2025-09-15,1,141.19
10414,2025-03-27,2,99.64
10320,2025-10-27,5,119.91
10286,2025-01-04,2,86.97
10360,2025-04-07,7,59.31
10498,2025-04-25,1,93.12
10259,2025-01-29,7,115.42
10193,2025-10-24,6,172.11
10437,2025-06-20,5,147.9
10325,2025-09-20,2,16.65
10235,2025-03-04,4,117.01
10091,2025-12-29,5,20.91
10233,2025-01-08,7,113.87
10469,2025-08-23,2,153.63
10143,2025-12-02,5,127.36
10480,2025-11-15,6,25.9
10460,2025-08-17,7,79.15
10424,2025-12-24,3,39.15
10159,2025-06-01,5,120.62
10398,2025-05-10,4,129.35
10348,2025-02-19,5,133.96
10449,2025-09-11,3,67.36
10205,2025-10-05,5,109.64
10310,2025-01-22,7,41.42
10468,2025-07-14,1,167.73
10457,2025-08-15,7,169.2
10474,2025-03-05,2,10.31
10051,2025-07-05,1,103.65
10016,2025-12-25,1,130.65
10048,2025-10-18,4,45.42
10498,2025-12-14,7,10.79
10209,2025-07-12,2,5.37
10303,2025-12-05,7,128.7
10209,2025-12-18,1,7.14
10037,2025-10-29,5,72.62
10456,2025-06-10,5,144.73
10249,2025-07-14,2,14.2
10153,2025-06-18,7,128.68
10025,2025-04-20,1,80.45
10059,2025-07-27,2,73.17
10275,2025-08-26,4,89.7
10385,2025-11-01,3,66.59
10093,2025-02-25,3,155.81
10266,2025-07-06,3,122.25
10184,2025-08-14,2,72.84
10327,2025-08-12,5,26.05
10153,2025-01-25,1,93.25
10443,2025-09-26,5,179.83
10302,2025-01-05,5,161.03
10088,2025-08-23,3,16.89
10412,2025-09-19,6,67.32
10323,2025-04-20,5,87.18
10469,2025-05-06,1,75.96
10462,2025-04-13,3,24.59
10165,2025-09-12,3,37.6
10347,2025-03-19,3,98.61
10285,2025-10-12,3,131.18
10218,2025-04-19,6,130.36
10003,2025-11-01,4,122.6
10407,2025-12-18,2,122.91
10187,2025-08-13,5,6.5
10035,2025-01-07,3,43.17
10481,2025-11-06,3,63.91
10201,2025-10-04,1,49.84
10060,2025-08-29,7,72.94
10219,2025-11-26,7,74.89
10435,2025-12-05,3,64.46
10375,2025-06-13,3,6.82
10327,2025-11-24,3,156.39
10149,2025-07-09,4,172.45
10147,2025-01-16,6,112.75
10132,2025-07-08,7,52.74
10390,2025-04-08,6,83.81
10403,2025-09-26,5,164.63
10145,2025-05-22,7,109.94
10151,2025-09-26,1,126.94
10448,2025-04-03,2,127.5
10488,2025-11-04,3,176.65
10042,2025-03-06,2,119.63
10129,2025-03-16,6,23.93
10060,2025-11-15,4,93.46
10180,2025-09-26,2,166.39
10376,2025-01-10,7,27.66
10294,2025-06-13,2,13.94
10225,2025-03-08,5,13.82
10104,2025-11-20,5,17.24
10074,2025-10-05,5,33.64
10381,2025-10-08,6,139.92
10257,2025-03-23,3,109.91
10011,2025-09-21,4,133.05
10149,2025-04-05,7,102.4
10340,2025-08-11,4,66.93
10275,2025-12-20,2,142.64
10365,2025-10-18,1,34.71
10372,2025-10-06,4,67.98
10056,2025-02-26,2,77.68
10429,2025-06-13,5,124.05
10299,2025-07-28,4,138.17
10030,2025-02-19,6,104.18
10479,2025-08-19,1,111.41
10297,2025-04-09,6,54.18
10120,2025-12-29,6,108.81
10492,2025-12-25,3,152.59
10017,2025-07-10,5,81.88
10230,2025-10-16,2,136.54
10020,2025-12-15,4,93.91
10385,2025-01-26,7,94.75
10388,2025-03-13,1,111.41
10049,2025-09-15,4,29.5
10146,2025-03-11,5,42.68
10437,2025-05-18,2,35.71
10132,2025-11-21,2,98.64
10292,2025-09-20,1,122.1
10273,2025-06-15,1,128.82
10445,2025-04-18,6,41.47
10373,2025-06-02,4,63.4
10394,2025-02-17,6,30.52
10045,2025-11-05,4,119.43
10435,2025-01-08,4,78.59
10227,2025-02-17,7,52.75
10029,2025-04-18,3,44.36
10048,2025-05-25,4,171.09
10358,2025-11-11,5,89.31
10445,2025-09-30,5,178.45
10099,2025-11-22,7,61.22
10147,2025-09-08,6,42.73
10133,2025-09-07,5,130.28
10446,2025-03-20,4,164.62
10163,2025-09-30,6,33.67
10326,2025-06-06,6,155.84
10296,2025-03-13,7,107.8
10205,2025-11-04,7,163.24
10314,2025-05-10,6,170.59
10104,2025-12-21,2,79.69
10466,2025-11-25,4,169.69
10458,2025-10-27,1,36.57
10007,2025-12-26,2,82.67
10242,2025-04-15,2,82.57
10097,2025-06-11,5,47.9
10225,2025-03-13,3,89.69
10182,2025-10-11,6,136.72
10438,2025-05-25,5,23.96
10410,2025-12-07,7,89.17
10144,2025-02-27,1,96.97
10275,2025-12-30,2,39.39
10196,2025-03-11,6,117.36
10256,2025-04-18,1,49.23
10453,2025-12-17,2,104.9
10381,2025-08-27,5,105.05
10027,2025-06-21,3,136.04
10328,2025-05-23,6,168.6
10386,2025-04-14,1,167.07
10145,2025-06-19,1,92.87
10371,2025-03-21,7,50.99
10044,2025-06-18,5,47.39
10047,2025-07-27,2,142.64
10232,2025-04-12,2,138.04
10207,2025-05-11,2,143.96
10441,2025-01-07,7,150.86
10413,2025-11-21,3,103.88
10300,2025-10-07,3,162.06
10272,2025-12-27,7,120.0
10027,2025-09-12,1,115.49
10095,2025-12-31,6,151.48
10221,2025-11-03,6,119.11
10213,2025-03-09,1,139.38
10193,2025-02-25,3,167.72
10251,2025-08-28,7,74.2
10292,2025-03-28,3,136.44
10196,2025-09-30,6,57.24
10294,2025-08-06,1,90.13
10054,2025-12-25,6,157.87
10476,2025-12-08,3,175.38
10260,2025-10-31,2,170.82
10170,2025-06-22,1,137.59
10222,2025-09-10,6,153.47
10205,2025-03-15,2,159.79
10143,2025-12-02,5,111.74
10307,2025-08-06,5,47.62
10444,2025-08-12,3,8.1
10444,2025-12-16,3,138.2
10084,2025-06-16,1,138.05
10354,2025-11-13,5,132.93
10378,2025-09-28,4,106.52
10236,2025-11-25,7,120.13
10345,2025-02-21,2,130.72
10408,2025-05-30,5,98.04
10053,2025-08-08,1,120.25
10243,2025-04-06,1,44.25
10016,2025-05-15,4,98.48
10482,2025-11-14,7,115.01
10265,2025-11-17,5,104.52
10142,2025-10-15,2,50.01
10032,2025-03-27,7,27.18
10064,2025-11-07,3,119.54
10141,2025-02-01,3,24.7
10416,2025-05-23,4,143.99
10491,2025-02-05,7,36.86
10149,2025-04-15,5,140.09
10170,2025-10-12,3,67.24
10424,2025-03-29,3,162.73
10051,2025-06-28,2,44.49
10305,2025-11-14,4,32.58
10300,2025-04-09,7,123.14
10255,2025-12-02,5,140.39
10418,2025-07-30,3,66.16
10044,2025-05-15,4,87.6
10143,2025-08-19,2,120.82
10394,2025-11-16,2,56.66
10152,2025-04-30,5,73.08
10033,2025-05-20,3,104.06
10229,2025-01-29,1,58.01
10483,2025-06-13,3,30.55
10396,2025-05-01,4,164.01
10439,2025-07-26,3,26.46
10143,2025-08-16,4,177.71
10152,2025-03-22,5,152.79
10078,2025-05-04,3,83.21
10064,2025-04-08,4,155.62
10140,2025-01-31,3,16.25
10443,2025-04-08,3,103.45
10338,2025-09-06,4,66.87
10240,2025-04-05,5,57.63
10236,2025-06-01,1,161.59
10063,2025-07-08,6,11.69
10246,2025-01-04,6,155.86
10250,2025-02-06,5,18.77
10383,2025-01-18,2,123.55
10124,2025-10-12,3,54.99
10432,2025-04-18,6,97.21
10204,2025-03-05,7,166.93
10030,2025-03-03,7,144.55
10321,2025-06-12,1,22.35
10303,2025-02-08,5,58.41
10458,2025-08-23,6,90.4
10277,2025-09-15,6,130.44
10401,2025-02-20,3,5.98
10120,2025-12-26,5,156.19
10081,2025-05-30,3,152.32
10322,2025-11-01,1,172.33
10239,2025-07-25,6,40.43
10397,2025-11-15,1,42.32
10246,2025-07-20,5,150.75
10399,2025-04-27,3,95.08
10495,2025-11-22,7,47.92
10485,2025-11-24,3,7.97
10044,2025-10-14,7,42.9
10485,2025-09-03,3,123.13
10256,2025-02-14,1,133.24
10188,2025-10-07,3,67.0
10458,2025-11-01,4,165.59
10085,2025-08-25,7,94.19
10200,2025-07-20,6,95.57
10417,2025-08-29,3,74.06
10131,2025-09-05,1,75.58
10468,2025-02-10,3,67.82
10278,2025-02-28,4,149.31
10257,2025-04-12,4,82.03
10161,2025-06-22,7,45.49
10063,2025-05-23,3,81.17
10464,2025-09-13,2,166.97
10002,2025-08-11,3,116.82
10043,2025-10-19,1,23.38
10038,2025-03-19,1,78.35
10104,2025-10-22,3,86.66
10368,2025-03-23,2,7.43
10042,2025-03-21,3,173.25
10075,2025-12-01,6,165.33
10356,2025-10-31,3,22.77
10017,2025-02-08,6,101.64
10147,2025-07-27,4,59.69
10415,2025-12-14,2,42.07
10451,2025-09-02,6,52.99
10248,2025-07-23,2,14.37
10447,2025-11-07,4,125.44
10445,2025-08-06,1,69.17
10469,2025-05-28,5,127.46
10124,2025-11-30,6,147.68
10129,2025-12-02,1,105.22
10330,2025-12-04,4,65.13
10001,2025-11-18,1,29.5
10133,2025-04-06,5,119.0
10194,2025-10-22,7,123.07
10445,2025-04-28,5,141.71
10482,2025-05-19,3,29.1
10171,2025-07-31,5,13.08
10382,2025-07-12,7,158.85
10273,2025-11-18,4,111.12
10030,2025-03-05,3,21.48
10199,2025-08-07,2,129.08
10352,2025-10-05,5,14.85
10353,2025-06-10,7,115.62
10459,2025-11-22,5,102.1
10314,2025-10-02,7,130.17
10484,2025-02-28,1,21.46
10227,2025-02-25,1,164.0
10358,2025-09-29,1,169.57
10310,2025-05-18,7,177.32
10432,2025-09-11,4,139.05
10465,2025-10-05,5,59.54
10421,2025-01-14,1,176.24
10478,2025-09-15,1,112.49
10180,2025-12-01,3,130.73
10497,2025-10-29,6,120.73
10050,2025-06-24,2,41.16
10184,2025-06-23,6,154.3
10364,2025-04-09,3,118.2
10310,2025-07-01,6,43.66
10069,2025-01-12,4,71.15
10341,2025-03-12,3,30.12
10193,2025-10-13,3,80.75
10398,2025-04-24,3,178.17
10498,2025-05-04,3,72.16
10102,2025-09-12,4,74.2
10280,2025-07-07,4,145.53
10014,2025-06-12,5,19.49
10261,2025-03-13,5,25.95
10422,2025-05-05,3,135.51
10474,2025-08-10,1,27.81
10397,2025-08-13,4,111.99
10143,2025-05-25,7,147.93
10188,2025-09-06,7,103.54
10500,2025-10-22,4,19.03
10396,2025-02-03,7,41.13
10456,2025-09-01,7,99.57
10124,2025-09-19,3,171.97
10182,2025-09-21,1,119.42
10413,2025-04-15,4,126.96
10164,2025-04-02,1,109.2
10378,2025-06-09,6,62.04
10064,2025-01-24,1,111.35
10032,2025-04-22,2,6.67
10458,2025-11-18,7,77.48
10152,2025-11-01,4,147.08
10093,2025-12-08,3,40.78
10128,2025-01-11,1,118.47
10005,2025-08-23,6,131.08
10381,2025-01-21,4,32.39
10446,2025-12-03,5,155.12
10009,2025-07-09,1,47.67
10300,2025-09-15,1,173.47
10183,2025-03-27,5,65.3
10336,2025-08-10,3,112.03
10351,2025-11-05,6,171.01
10367,2025-06-02,3,148.49
10023,2025-10-17,2,90.0
10022,2025-05-10,4,39.03
10473,2025-03-24,1,112.59
10046,2025-06-28,6,107.87
10254,2025-09-07,5,16.19
10250,2025-03-23,1,71.94
10190,2025-07-10,7,166.12
10026,2025-06-06,7,97.01
10084,2025-11-10,5,36.68
10253,2025-07-05,4,117.68
10055,2025-01-06,4,84.43
10369,2025-01-12,3,164.92
10431,2025-07-05,5,90.76
10329,2025-05-24,5,9.57
10415,2025-01-26,7,33.25
10309,2025-04-14,2,35.7
10347,2025-05-06,6,171.46
10024,2025-08-20,5,67.88
10273,2025-03-17,5,66.05
10119,2025-10-24,3,175.82
